User ID,Account Manager,VIP Lifecycle Stage,Onboard Date
251649,Pearl,Hosted VIP,11/09/2024
36900,Pearl,Hosted VIP,11/09/2024
14354,Pearl,Hosted VIP,11/09/2024
389800,Pearl,Hosted VIP,11/09/2024
121707,Pearl,Hosted VIP,11/09/2024
35541,Pearl,Hosted VIP,11/09/2024
14773,Pearl,Hosted VIP,11/09/2024
13366,Pearl,Hosted VIP,11/09/2024
408360,Pearl,Hosted VIP,11/09/2024
421223,Pearl,Hosted VIP,30/09/2024
185239,Pearl,Hosted VIP,30/09/2024
104032,Pearl,Hosted VIP,31/03/2025
357109,Pearl,Hosted VIP,14/02/2025
53399,Pearl,Hosted VIP,14/02/2025
5013132,Pearl,Hosted VIP,14/02/2025
367465,Pearl,Hosted VIP,26/02/2025
164785,Pearl,Hosted VIP,26/02/2025
52378,Pearl,Hosted VIP,05/03/2025
402793,Pearl,Hosted VIP,19/03/2025
85982,Pearl,Hosted VIP,19/03/2025
405682,Pearl,Hosted VIP,19/03/2025
447202,Pearl,Hosted VIP,08/04/2025
5201201,Pearl,Hosted VIP,04/11/2025
5134865,Pearl,Hosted VIP,20/10/2025
6263,Pearl,Hosted VIP,28/11/2025
5128339,Pearl,Hosted VIP,22/01/2026
5136437,Pearl,Hosted VIP,11/02/2026
5083535,Pearl,Hosted VIP,18/02/2026
579188,Pearl,Hosted VIP,08/04/2025
5056109,Pearl,Hosted VIP,09/04/2025
5039426,Pearl,Hosted VIP,09/04/2025
57539,Pearl,Hosted VIP,09/04/2025
653338,Pearl,Hosted VIP,09/04/2025
539070,Pearl,Hosted VIP,09/04/2025
478205,Pearl,Hosted VIP,15/04/2025
5127311,Pearl,Hosted VIP,24/07/2025
5130242,Pearl,Hosted VIP,28/07/2025
655744,Pearl,Hosted VIP,30/07/2025
5082470,Pearl,Hosted VIP,31/07/2025
5145253,Pearl,Hosted VIP,11/08/2025
5144826,Pearl,Hosted VIP,12/08/2025
5149410,Pearl,Hosted VIP,15/08/2025
5147617,Pearl,Hosted VIP,18/08/2025
5145222,Pearl,Hosted VIP,19/08/2025
2810,Pearl,Hosted VIP,26/08/2025
5093761,Pearl,Hosted VIP,01/08/2025
571659,Pearl,Hosted VIP,01/09/2025
5136603,Pearl,Hosted VIP,12/09/2025
5085620,Pearl,Hosted VIP,12/09/2025
5053423,Pearl,Hosted VIP,17/09/2025
288445,Pearl,Hosted VIP,17/09/2025
5138106,Pearl,Hosted VIP,22/09/2025
5103594,Pearl,Hosted VIP,28/09/2025
11330,Pearl,Hosted VIP,20/10/2025
362248,Pearl,Hosted VIP,20/10/2025
5136206,Pearl,Hosted VIP,26/09/2025
5184725,Pearl,Hosted VIP,27/10/2025
75366,Pearl,Hosted VIP,11/09/2024
203930,Pearl,Hosted VIP,10/11/2025
5126938,Pearl,Hosted VIP,27/11/2025
5122031,Pearl,Hosted VIP,12/01/2025
353176,Pearl,Hosted VIP,12/03/2025
5143094,Pearl,Hosted VIP,08/08/2025
5250208,Pearl,Hosted VIP,10/12/2025
5180862,Pearl,Hosted VIP,17/12/2025
5076414,Pearl,Hosted VIP,17/12/2025
5154523,Pearl,Hosted VIP,18/12/2025
5151568,Pearl,Hosted VIP,16/12/2025
5211516,Pearl,Hosted VIP,22/12/2025
5219034,Pearl,Hosted VIP,24/12/2025
5227927,Pearl,Hosted VIP,01/01/2026
5138579,Pearl,Hosted VIP,01/02/2026
5093947,Pearl,Hosted VIP,31/12/2025
5181435,Pearl,Hosted VIP,02/01/2026
5080437,Pearl,Hosted VIP,07/01/2026
5295664,Pearl,Hosted VIP,12/01/2026
5131560,Pearl,Hosted VIP,28/07/2025
5083199,Pearl,Hosted VIP,16/01/2026
5129167,Pearl,Hosted VIP,19/01/2026
226005,Pearl,Hosted VIP,27/01/2026
376665,Pearl,Hosted VIP,27/01/2026
5307707,Pearl,Hosted VIP,19/01/2026
5192437,Pearl,Hosted VIP,25/01/2026
5305555,Pearl,Hosted VIP,25/01/2026
5155189,Pearl,Hosted VIP,29/01/2026
5031463,Pearl,Hosted VIP,01/02/2026
5271026,Pearl,Hosted VIP,02/02/2026
5307503,Pearl,Hosted VIP,24/01/2026
5188540,Pearl,Hosted VIP,05/02/2026
5114740,Pearl,Hosted VIP,05/02/2026
5327835,Pearl,Hosted VIP,06/02/2026
5123380,Pearl,Hosted VIP,09/02/2026
5308903,Pearl,Hosted VIP,09/02/2026
5154776,Pearl,Hosted VIP,17/11/2025
5079607,Pearl,Hosted VIP,13/02/2026
5253312,Pearl,Hosted VIP,16/02/2026
5151729,Pearl,Hosted VIP,17/02/2026
5315435,Pearl,Hosted VIP,18/02/2026
5319181,Pearl,Hosted VIP,19/02/2026
5300402,Pearl,Hosted VIP,19/02/2026
46555,Pearl,Hosted VIP,19/02/2026
5110618,Pearl,Hosted VIP,18/02/2026
5136487,Pearl,Hosted VIP,23/02/2026
5147907,Pearl,Hosted VIP,22/02/2026
5051048,Pearl,Hosted VIP,20/02/2026
5043802,Pearl,Hosted VIP,04/02/2026
5083838,Pearl,Hosted VIP,19/02/2026
5352882,Pearl,Hosted VIP,25/02/2026
536821,Pearl,Hosted VIP,25/02/2026
5199337,Pearl,Hosted VIP,25/02/2026
5134977,Pearl,Hosted VIP,18/02/2026
5287864,Pearl,Hosted VIP,03/09/2026
5115122,Pearl,Hosted VIP,03/09/2026
5359645,Pearl,Hosted VIP,03/09/2026
5176199,Pearl,Hosted VIP,03/09/2026
64320,Pearl,Hosted VIP,03/09/2026
5213374,Pearl,Hosted VIP,03/11/2026
234415,Pearl,Hosted VIP,13/03/2026
5279105,Pearl,Hosted VIP,23/03/2026
5238047,Pearl,Hosted VIP,23/03/2026
611829,Pearl,Hosted VIP,25/03/2026
5004783,Pearl,Hosted VIP,27/03/2026
5135991,Pearl,Hosted VIP,27/03/2026
408659,Pearl,Hosted VIP,15/04/2025
5076677,Pearl,Hosted VIP,04/02/2026
484712,Pearl,Hosted VIP,04/03/2026
5002550,Pearl,Hosted VIP,09/04/2026
5145620,Pearl,Hosted VIP,17/04/2026
5146293,Pearl,Hosted VIP,21/04/2026
5267004,Pearl,Hosted VIP,21/04/2026
628304,Pearl,Hosted VIP,21/04/2026
471903,Pearl,Hosted VIP,23/04/2026
5051610,Pearl,Hosted VIP,28/04/2026
5190692,Pearl,Hosted VIP,28/04/2026
5399612,Pearl,Hosted VIP,29/04/2026
325410,Pearl,Hosted VIP,29/04/2026
5269473,Pearl,Hosted VIP,29/04/2026
5158191,Pearl,Hosted VIP,29/04/2026
5072311,Pearl,Hosted VIP,30/04/2026
5079387,Pearl,Hosted VIP,04/05/2026
570897,Pearl,Hosted VIP,04/05/2026
5089934,Pearl,Hosted VIP,04/05/2026
5329987,Pearl,Hosted VIP,01/05/2026
5454346,Pearl,Hosted VIP,01/05/2026
5434702,Pearl,Hosted VIP,02/05/2026
5457508,Pearl,Hosted VIP,12/05/2026
5051641,Pearl,Hosted VIP,13/05/2026
5046090,Pearl,Hosted VIP,10/05/2026
560910,Andre,Hosted VIP,08/05/2025
5066471,Andre,Hosted VIP,11/04/2025
452215,Andre,Hosted VIP,29/04/2025
165506,Andre,Hosted VIP,29/04/2025
3396,Andre,Hosted VIP,29/04/2025
531757,Andre,Hosted VIP,29/04/2025
5053726,Andre,Hosted VIP,29/04/2025
5083090,Andre,Hosted VIP,08/05/2025
5056636,Andre,Hosted VIP,08/05/2025
5071637,Andre,Hosted VIP,12/05/2025
453288,Andre,Hosted VIP,20/05/2025
5075663,Andre,Hosted VIP,20/05/2025
5097739,Andre,Hosted VIP,26/05/2025
5086089,Andre,Hosted VIP,27/05/2025
396338,Andre,Hosted VIP,31/07/2025
5069208,Andre,Hosted VIP,01/08/2025
546408,Andre,Hosted VIP,01/08/2025
443704,Andre,Hosted VIP,01/08/2025
5104641,Andre,Hosted VIP,04/08/2025
5132182,Andre,Hosted VIP,06/08/2025
5110287,Andre,Hosted VIP,06/08/2025
5116087,Andre,Hosted VIP,13/08/2025
5148615,Andre,Hosted VIP,13/08/2025
5152600,Andre,Hosted VIP,18/08/2025
5146696,Andre,Hosted VIP,16/09/2025
5087521,Andre,Hosted VIP,20/09/2025
5139680,Andre,Hosted VIP,20/09/2025
5114637,Andre,Hosted VIP,22/09/2025
510444,Andre,Hosted VIP,28/09/2025
5163396,Andre,Hosted VIP,24/09/2025
5174365,Andre,Hosted VIP,08/10/2025
5217213,Andre,Hosted VIP,03/11/2025
5129954,Andre,Hosted VIP,10/11/2025
5145111,Andre,Hosted VIP,14/11/2025
133751,Andre,Hosted VIP,14/11/2025
5209243,Andre,Hosted VIP,19/11/2025
5218320,Andre,Hosted VIP,21/11/2025
5135885,Andre,Hosted VIP,25/11/2025
16091,Andre,Hosted VIP,29/11/2025
5227315,Andre,Hosted VIP,29/11/2025
5180998,Andre,Hosted VIP,29/11/2025
5251021,Andre,Hosted VIP,12/01/2025
5075696,Andre,Hosted VIP,12/08/2025
5246168,Andre,Hosted VIP,12/07/2025
5196598,Andre,Hosted VIP,12/09/2025
5038575,Andre,Hosted VIP,15/12/2025
5128249,Andre,Hosted VIP,15/12/2025
5130317,Andre,Hosted VIP,19/12/2025
373834,Andre,Hosted VIP,22/12/2025
5217253,Andre,Hosted VIP,22/12/2025
5266139,Andre,Hosted VIP,24/12/2025
5254915,Andre,Hosted VIP,01/01/2026
5134641,Andre,Hosted VIP,05/01/2026
5212399,Andre,Hosted VIP,09/01/2026
5195562,Andre,Hosted VIP,12/01/2026
5223632,Andre,Hosted VIP,16/01/2026
5221148,Andre,Hosted VIP,17/01/2026
42032,Andre,Hosted VIP,26/01/2026
5039236,Andre,Hosted VIP,27/01/2026
87586,Andre,Hosted VIP,06/02/2026
5315377,Andre,Hosted VIP,09/02/2026
5333779,Andre,Hosted VIP,10/02/2026
5143837,Andre,Hosted VIP,16/02/2026
5352034,Andre,Hosted VIP,24/02/2026
5221321,Andre,Hosted VIP,23/02/2026
5359767,Andre,Hosted VIP,24/02/2026
5120223,Andre,Hosted VIP,25/02/2026
5146006,Andre,Hosted VIP,03/09/2026
5053654,Andre,Hosted VIP,17/03/2026
349402,Andre,Hosted VIP,20/03/2026
491852,Andre,Hosted VIP,20/03/2026
5101649,Andre,Hosted VIP,26/03/2026
5223765,Andre,Hosted VIP,26/03/2026
5364980,Andre,Hosted VIP,27/03/2026
5239604,Andre,Hosted VIP,27/03/2026
5137485,Andre,Hosted VIP,31/03/2026
488295,Andre,Hosted VIP,04/05/2026
5250528,Andre,Hosted VIP,20/04/2026
579855,Andre,Hosted VIP,20/04/2026
5426117,Andre,Hosted VIP,20/04/2026
5148584,Andre,Hosted VIP,27/01/2026
327075,Andre,Hosted VIP,14/05/2025
5031926,Andre,Hosted VIP,21/04/2026
5409025,Andre,Hosted VIP,24/04/2026
111943,Andre,Hosted VIP,25/04/2026
5069723,Andre,Hosted VIP,26/04/2026
5029998,Andre,Hosted VIP,25/04/2026
5163536,Andre,Hosted VIP,29/04/2026
427266,Andre,Hosted VIP,30/04/2026
5232184,Andre,Hosted VIP,04/05/2026
5232925,Andre,Hosted VIP,04/05/2026
5109643,Andre,Hosted VIP,03/05/2026
5186916,Callum,Hosted VIP,25/02/2026
5365029,Callum,Hosted VIP,18/03/2026
5108265,Callum,Hosted VIP,17/06/2025
5197974,Callum,Hosted VIP,01/01/2026
5114898,Callum,Hosted VIP,22/10/2025
562335,Callum,Hosted VIP,18/11/2025
5046302,Callum,Hosted VIP,16/02/2026
5132516,Callum,Hosted VIP,24/07/2025
5136520,Callum,Hosted VIP,15/12/2025
5111060,Callum,Hosted VIP,01/08/2025
613154,Callum,Hosted VIP,19/01/2026
5222828,Callum,Hosted VIP,19/11/2025
574781,Callum,Hosted VIP,23/12/2025
5110090,Callum,Hosted VIP,01/07/2025
168813,Callum,Hosted VIP,21/07/2025
5111929,Callum,Hosted VIP,25/06/2025
5091213,Callum,Hosted VIP,27/06/2025
5107081,Callum,Hosted VIP,01/07/2025
408476,Callum,Hosted VIP,04/07/2025
5057803,Callum,Hosted VIP,07/07/2025
5077992,Callum,Hosted VIP,08/07/2025
5125719,Callum,Hosted VIP,16/07/2025
5127888,Callum,Hosted VIP,18/07/2025
317020,Callum,Hosted VIP,22/07/2025
453483,Callum,Hosted VIP,24/07/2025
5124768,Callum,Hosted VIP,24/07/2025
217756,Callum,Hosted VIP,28/07/2025
595952,Callum,Hosted VIP,28/07/2025
5111238,Callum,Hosted VIP,30/07/2025
5106352,Callum,Hosted VIP,01/08/2025
5043693,Callum,Hosted VIP,04/08/2025
5141796,Callum,Hosted VIP,05/08/2025
5142692,Callum,Hosted VIP,18/08/2025
5084559,Callum,Hosted VIP,26/08/2025
5161662,Callum,Hosted VIP,28/08/2025
5121251,Callum,Hosted VIP,01/09/2025
5145193,Callum,Hosted VIP,01/09/2025
366328,Callum,Hosted VIP,25/09/2025
5174742,Callum,Hosted VIP,29/09/2025
5168307,Callum,Hosted VIP,29/09/2025
5108493,Callum,Hosted VIP,23/06/2025
5138866,Callum,Hosted VIP,07/10/2025
5111141,Callum,Hosted VIP,11/08/2025
5078078,Callum,Hosted VIP,08/10/2025
5169883,Callum,Hosted VIP,09/10/2025
5139430,Callum,Hosted VIP,09/10/2025
5203955,Callum,Hosted VIP,16/10/2025
5097221,Callum,Hosted VIP,24/10/2025
303224,Callum,Hosted VIP,03/11/2025
5152022,Callum,Hosted VIP,04/11/2025
5188098,Callum,Hosted VIP,06/11/2025
5235728,Callum,Hosted VIP,18/11/2025
5168126,Callum,Hosted VIP,12/01/2025
5238596,Callum,Hosted VIP,12/02/2025
5227102,Callum,Hosted VIP,12/09/2025
218173,Callum,Hosted VIP,17/10/2025
5214813,Callum,Hosted VIP,24/12/2025
5271600,Callum,Hosted VIP,01/01/2026
5241863,Callum,Hosted VIP,01/02/2026
5024207,Callum,Hosted VIP,01/02/2026
5287772,Callum,Hosted VIP,08/01/2026
5147675,Callum,Hosted VIP,12/01/2026
5082322,Callum,Hosted VIP,23/01/2026
5310420,Callum,Hosted VIP,24/01/2026
5250996,Callum,Hosted VIP,25/01/2026
5047606,Callum,Hosted VIP,22/01/2026
5214624,Callum,Hosted VIP,28/01/2026
5192757,Callum,Hosted VIP,30/01/2026
5218048,Callum,Hosted VIP,28/01/2026
5136878,Callum,Hosted VIP,03/02/2026
5081517,Callum,Hosted VIP,04/02/2026
5324573,Callum,Hosted VIP,09/02/2026
5329542,Callum,Hosted VIP,09/02/2026
5178093,Callum,Hosted VIP,10/02/2026
5331219,Callum,Hosted VIP,10/02/2026
5086774,Callum,Hosted VIP,10/02/2026
5172181,Callum,Hosted VIP,16/02/2026
201081,Callum,Hosted VIP,23/02/2026
5159240,Callum,Hosted VIP,22/02/2026
5128886,Callum,Hosted VIP,24/02/2026
226562,Callum,Hosted VIP,18/02/2026
5327735,Callum,Hosted VIP,08/02/2026
5137784,Callum,Hosted VIP,27/02/2026
5313689,Callum,Hosted VIP,03/01/2026
5338542,Callum,Hosted VIP,03/01/2026
5084822,Callum,Hosted VIP,03/05/2026
5046118,Callum,Hosted VIP,03/09/2026
5081123,Callum,Hosted VIP,03/09/2026
21194,Callum,Hosted VIP,03/10/2026
5125274,Callum,Hosted VIP,16/03/2026
5196384,Callum,Hosted VIP,15/03/2026
419944,Callum,Hosted VIP,20/03/2026
5388234,Callum,Hosted VIP,23/03/2026
5354409,Callum,Hosted VIP,23/03/2026
5176428,Callum,Hosted VIP,23/03/2026
66526,Callum,Hosted VIP,23/03/2026
5054329,Callum,Hosted VIP,20/05/2025
5213760,Callum,Hosted VIP,24/03/2026
5323784,Callum,Hosted VIP,24/03/2026
5403722,Callum,Hosted VIP,25/03/2026
5076178,Callum,Hosted VIP,26/03/2026
5158879,Callum,Hosted VIP,26/03/2026
202208,Callum,Hosted VIP,28/03/2026
5389654,Callum,Hosted VIP,28/03/2026
186501,Callum,Hosted VIP,04/01/2026
5067447,Callum,Hosted VIP,04/01/2026
5410778,Callum,Hosted VIP,04/03/2026
5395056,Callum,Hosted VIP,04/03/2026
5082103,Callum,Hosted VIP,04/05/2026
5421349,Callum,Hosted VIP,13/04/2026
5232023,Callum,Hosted VIP,16/04/2026
5404542,Callum,Hosted VIP,17/04/2026
5069198,Callum,Hosted VIP,20/04/2026
5134155,Callum,Hosted VIP,21/04/2026
5157421,Callum,Hosted VIP,16/04/2026
5215279,Callum,Hosted VIP,21/04/2026
5139009,Callum,Hosted VIP,22/04/2026
5308367,Callum,Hosted VIP,24/04/2026
5197020,Callum,Hosted VIP,25/04/2026
419830,Callum,Hosted VIP,25/04/2026
5085750,Callum,Hosted VIP,25/04/2026
5219226,Callum,Hosted VIP,27/04/2026
5211302,Callum,Hosted VIP,28/04/2026
5161744,Callum,Hosted VIP,29/04/2026
5271352,Callum,Hosted VIP,25/04/2026
386740,Callum,Hosted VIP,30/04/2026
5268761,Callum,Hosted VIP,30/04/2026
5265117,Callum,Hosted VIP,04/05/2026
5206254,Callum,Hosted VIP,04/05/2026
209391,Callum,Hosted VIP,04/05/2026
302546,Callum,Hosted VIP,04/05/2026
5368448,Callum,Hosted VIP,04/05/2026
5277730,Callum,Hosted VIP,04/05/2026
312847,Callum,Hosted VIP,02/05/2026
5447055,Callum,Hosted VIP,05/05/2026
405080,Callum,Hosted VIP,06/05/2026
5190082,Callum,Hosted VIP,06/05/2026
5084721,Callum,Hosted VIP,06/05/2026
5129016,Callum,Hosted VIP,06/05/2026
5419669,Callum,Hosted VIP,06/05/2026
5124083,Callum,Hosted VIP,07/05/2026
5088871,Callum,Hosted VIP,08/05/2026
5208330,Callum,Hosted VIP,10/05/2026
5110782,Callum,Hosted VIP,10/05/2026
5139405,Callum,Hosted VIP,12/05/2026
5129696,Taine,Hosted VIP,19/08/2025
5086393,Taine,Hosted VIP,19/08/2025
5144686,Taine,Hosted VIP,19/08/2025
5133991,Taine,Hosted VIP,20/08/2025
5152258,Taine,Hosted VIP,25/08/2025
5131341,Taine,Hosted VIP,25/08/2025
5128725,Taine,Hosted VIP,26/08/2025
514000,Taine,Hosted VIP,29/08/2025
5093750,Taine,Hosted VIP,29/08/2025
5033388,Taine,Hosted VIP,01/09/2025
5152993,Taine,Hosted VIP,01/09/2025
5106508,Taine,Hosted VIP,01/09/2025
5153364,Taine,Hosted VIP,01/09/2025
5161133,Taine,Hosted VIP,02/09/2025
431108,Taine,Hosted VIP,05/09/2025
5138950,Taine,Hosted VIP,05/09/2025
603291,Taine,Hosted VIP,05/09/2025
5034446,Taine,Hosted VIP,08/09/2025
324039,Taine,Hosted VIP,08/09/2025
572460,Taine,Hosted VIP,12/09/2025
5166775,Taine,Hosted VIP,15/09/2025
5152400,Taine,Hosted VIP,15/09/2025
592590,Taine,Hosted VIP,15/09/2025
5138327,Taine,Hosted VIP,15/09/2025
416890,Taine,Hosted VIP,22/09/2025
5145570,Taine,Hosted VIP,09/12/2025
5193780,Taine,Hosted VIP,13/10/2025
5166326,Taine,Hosted VIP,17/10/2025
5191219,Taine,Hosted VIP,20/10/2025
5134213,Taine,Hosted VIP,17/10/2025
5174251,Taine,Hosted VIP,28/10/2025
5147952,Taine,Hosted VIP,28/10/2025
485548,Taine,Hosted VIP,31/10/2025
369647,Taine,Hosted VIP,05/11/2025
534039,Taine,Hosted VIP,06/11/2025
5222914,Taine,Hosted VIP,10/11/2025
5148381,Taine,Hosted VIP,12/11/2025
5123978,Taine,Hosted VIP,27/11/2025
533044,Taine,Hosted VIP,27/11/2025
273382,Taine,Hosted VIP,27/11/2025
5247424,Taine,Hosted VIP,12/01/2025
5140583,Taine,Hosted VIP,12/01/2025
5156149,Taine,Hosted VIP,12/02/2025
5246636,Taine,Hosted VIP,12/04/2025
456139,Taine,Hosted VIP,12/04/2025
5034738,Taine,Hosted VIP,12/04/2025
114967,Taine,Hosted VIP,10/12/2025
518983,Taine,Hosted VIP,10/12/2025
405718,Taine,Hosted VIP,11/12/2025
319139,Taine,Hosted VIP,15/12/2025
5219603,Taine,Hosted VIP,25/11/2025
5266444,Taine,Hosted VIP,18/12/2025
305183,Taine,Hosted VIP,03/09/2026
5232533,Taine,Hosted VIP,22/12/2025
5169951,Taine,Hosted VIP,22/12/2025
5207191,Taine,Hosted VIP,01/01/2026
5124935,Taine,Hosted VIP,01/01/2026
489896,Taine,Hosted VIP,08/01/2026
5295836,Taine,Hosted VIP,09/01/2026
5132449,Taine,Hosted VIP,12/01/2026
639527,Taine,Hosted VIP,13/01/2026
5139476,Taine,Hosted VIP,15/12/2025
5134705,Taine,Hosted VIP,01/01/2026
5119491,Taine,Hosted VIP,26/01/2026
226751,Taine,Hosted VIP,01/02/2026
5038990,Taine,Hosted VIP,05/02/2026
5127248,Taine,Hosted VIP,05/02/2026
202653,Taine,Hosted VIP,05/02/2026
5318823,Taine,Hosted VIP,17/02/2026
217812,Taine,Hosted VIP,17/02/2026
5210671,Taine,Hosted VIP,23/02/2026
5219229,Taine,Hosted VIP,18/02/2026
5273049,Taine,Hosted VIP,13/02/2026
281866,Taine,Hosted VIP,25/02/2026
5045859,Taine,Hosted VIP,28/02/2026
5109152,Taine,Hosted VIP,03/03/2026
5185066,Taine,Hosted VIP,03/04/2026
5207234,Taine,Hosted VIP,03/04/2026
289983,Taine,Hosted VIP,03/05/2026
5310606,Taine,Hosted VIP,03/05/2026
5129669,Taine,Hosted VIP,03/09/2026
5344920,Taine,Hosted VIP,03/09/2026
285690,Taine,Hosted VIP,03/09/2026
5130804,Taine,Hosted VIP,03/09/2026
5046482,Taine,Hosted VIP,03/09/2026
5243639,Taine,Hosted VIP,03/09/2026
5304440,Taine,Hosted VIP,03/10/2026
5139372,Taine,Hosted VIP,03/11/2026
5031381,Taine,Hosted VIP,03/11/2026
5368126,Taine,Hosted VIP,03/11/2026
5341368,Taine,Hosted VIP,13/03/2026
5092893,Taine,Hosted VIP,13/03/2026
429516,Taine,Hosted VIP,18/03/2026
5045889,Taine,Hosted VIP,03/05/2026
254826,Taine,Hosted VIP,23/03/2026
5131142,Taine,Hosted VIP,23/03/2026
5139408,Taine,Hosted VIP,26/03/2026
5222436,Taine,Hosted VIP,26/03/2026
5320747,Taine,Hosted VIP,26/03/2026
5368977,Taine,Hosted VIP,30/03/2026
532207,Taine,Hosted VIP,31/03/2026
5103892,Taine,Hosted VIP,31/03/2026
18227,Taine,Hosted VIP,04/01/2026
379224,Taine,Hosted VIP,13/04/2026
5046422,Taine,Hosted VIP,13/04/2026
5121090,Taine,Hosted VIP,13/04/2026
5126115,Taine,Hosted VIP,13/04/2026
5139901,Taine,Hosted VIP,16/04/2026
5266777,Taine,Hosted VIP,17/04/2026
5311792,Taine,Hosted VIP,21/04/2026
342848,Taine,Hosted VIP,21/04/2026
5412415,Taine,Hosted VIP,21/04/2026
5113325,Taine,Hosted VIP,23/04/2026
5202325,Taine,Hosted VIP,24/04/2026
5344621,Taine,Hosted VIP,24/04/2026
5384304,Taine,Hosted VIP,25/04/2026
5366103,Taine,Hosted VIP,25/04/2026
5117988,Taine,Hosted VIP,25/04/2026
5192978,Taine,Hosted VIP,25/04/2026
5409683,Taine,Hosted VIP,25/04/2026
5357059,Taine,Hosted VIP,26/04/2026
5404627,Taine,Hosted VIP,26/04/2026
110264,Taine,Hosted VIP,26/04/2026
5334937,Taine,Hosted VIP,25/04/2026
282844,Taine,Hosted VIP,27/04/2026
5444335,Taine,Hosted VIP,25/04/2026
5198840,Taine,Hosted VIP,29/04/2026
5196283,Taine,Hosted VIP,30/04/2026
5144413,Taine,Hosted VIP,30/04/2026
36450,Taine,Hosted VIP,30/04/2026
559065,Taine,Hosted VIP,30/04/2026
11961,Taine,Hosted VIP,30/04/2026
338455,Taine,Hosted VIP,30/04/2026
5452300,Taine,Hosted VIP,01/05/2026
5410213,Taine,Hosted VIP,05/05/2026
5444503,Taine,Hosted VIP,05/05/2026
5453154,Taine,Hosted VIP,05/05/2026
5183949,Taine,Hosted VIP,05/05/2026
5170901,Taine,Hosted VIP,04/05/2026
5134123,Taine,Hosted VIP,06/05/2026
5171642,Taine,Hosted VIP,06/05/2026
5311726,Taine,Hosted VIP,06/05/2026
268363,Taine,Hosted VIP,06/05/2026
5066983,Taine,Hosted VIP,09/05/2026
5162048,Taine,Hosted VIP,11/05/2026
5114411,Julie,Hosted VIP,13/03/2026
5372707,Julie,Hosted VIP,13/03/2026
529710,Julie,Hosted VIP,13/03/2026
5234291,Julie,Hosted VIP,03/09/2026
5277005,Julie,Hosted VIP,03/09/2026
5188760,Julie,Hosted VIP,03/09/2026
5305124,Julie,Hosted VIP,03/10/2026
647614,Julie,Hosted VIP,20/03/2026
5188358,Julie,Hosted VIP,16/03/2026
5126340,Julie,Hosted VIP,16/03/2026
5117920,Julie,Hosted VIP,16/03/2026
326501,Julie,Hosted VIP,16/03/2026
5134224,Julie,Hosted VIP,16/03/2026
5347700,Julie,Hosted VIP,16/03/2026
5080967,Julie,Hosted VIP,17/03/2026
5310505,Julie,Hosted VIP,17/03/2026
5081447,Julie,Hosted VIP,17/03/2026
16112,Julie,Hosted VIP,17/03/2026
5327717,Julie,Hosted VIP,19/03/2026
5138271,Julie,Hosted VIP,23/03/2026
5262068,Julie,Hosted VIP,24/03/2026
5171467,Julie,Hosted VIP,24/03/2026
5331480,Julie,Hosted VIP,24/03/2026
5055330,Julie,Hosted VIP,25/03/2026
334086,Julie,Hosted VIP,26/03/2026
5146902,Julie,Hosted VIP,27/03/2026
5075338,Julie,Hosted VIP,27/03/2026
5128206,Julie,Hosted VIP,27/03/2026
5392872,Julie,Hosted VIP,23/03/2026
5193947,Julie,Hosted VIP,27/03/2026
5304360,Julie,Hosted VIP,27/03/2026
5118205,Julie,Hosted VIP,27/03/2026
24542,Julie,Hosted VIP,27/03/2026
5084568,Julie,Hosted VIP,28/03/2026
5121534,Julie,Hosted VIP,27/03/2026
5131996,Julie,Hosted VIP,04/01/2026
5031361,Julie,Hosted VIP,04/01/2026
5060737,Julie,Hosted VIP,04/05/2026
5270360,Julie,Hosted VIP,04/08/2026
5052442,Julie,Hosted VIP,09/04/2026
5275087,Julie,Hosted VIP,09/04/2026
5413456,Julie,Hosted VIP,09/04/2026
5013117,Julie,Hosted VIP,09/04/2026
5224279,Julie,Hosted VIP,09/04/2026
517194,Julie,Hosted VIP,09/04/2026
372544,Julie,Hosted VIP,14/04/2026
5425008,Julie,Hosted VIP,14/04/2026
5379691,Julie,Hosted VIP,13/04/2026
5180769,Julie,Hosted VIP,17/04/2026
5164813,Julie,Hosted VIP,17/04/2026
5418763,Julie,Hosted VIP,20/04/2026
5190791,Julie,Hosted VIP,20/04/2026
5305224,Julie,Hosted VIP,21/04/2026
5190256,Julie,Hosted VIP,21/04/2026
418025,Julie,Hosted VIP,22/04/2026
5145138,Julie,Hosted VIP,22/04/2026
5306832,Julie,Hosted VIP,23/04/2026
5110500,Julie,Hosted VIP,23/04/2026
592198,Julie,Hosted VIP,23/04/2026
5130167,Julie,Hosted VIP,23/04/2026
5432253,Julie,Hosted VIP,24/04/2026
5227040,Julie,Hosted VIP,28/04/2026
423588,Julie,Hosted VIP,28/04/2026
5340517,Julie,Hosted VIP,28/04/2026
5282964,Julie,Hosted VIP,28/04/2026
5432217,Julie,Hosted VIP,28/04/2026
5315075,Julie,Hosted VIP,28/04/2026
5134753,Julie,Hosted VIP,30/04/2026
5065194,Julie,Hosted VIP,30/04/2026
5450364,Julie,Hosted VIP,30/04/2026
5045037,Julie,Hosted VIP,30/04/2026
5158960,Julie,Hosted VIP,30/04/2026
5085869,Julie,Hosted VIP,01/05/2026
5450796,Julie,Hosted VIP,04/05/2026
5178117,Julie,Hosted VIP,04/05/2026
510112,Julie,Hosted VIP,04/05/2026
5214628,Julie,Hosted VIP,04/05/2026
5427525,Julie,Hosted VIP,04/05/2026
5324935,Julie,Hosted VIP,06/05/2026
5419158,Julie,Hosted VIP,10/05/2026
5345967,Julie,Hosted VIP,10/05/2026
5444473,Julie,Hosted VIP,10/05/2026
5115640,Julie,Hosted VIP,12/05/2026
5305442,Roman,Hosted VIP,04/01/2026
5157271,Roman,Hosted VIP,04/01/2026
5130030,Roman,Hosted VIP,04/01/2026
5087919,Roman,Hosted VIP,04/01/2026
5036071,Roman,Hosted VIP,04/01/2026
5075289,Roman,Hosted VIP,04/01/2026
5329619,Roman,Hosted VIP,04/01/2026
5132399,Roman,Hosted VIP,04/02/2026
14897,Roman,Hosted VIP,04/02/2026
29009,Roman,Hosted VIP,04/01/2026
5284691,Roman,Hosted VIP,04/05/2026
5412458,Roman,Hosted VIP,04/05/2026
2539,Roman,Hosted VIP,04/05/2026
5095063,Roman,Hosted VIP,04/04/2026
5080244,Roman,Hosted VIP,04/05/2026
249134,Roman,Hosted VIP,04/01/2026
5103903,Roman,Hosted VIP,04/02/2026
5310280,Roman,Hosted VIP,04/08/2026
5043980,Roman,Hosted VIP,04/03/2026
5295159,Roman,Hosted VIP,09/04/2026
5199698,Roman,Hosted VIP,13/04/2026
579263,Roman,Hosted VIP,14/04/2026
5271224,Roman,Hosted VIP,16/04/2026
5229895,Roman,Hosted VIP,16/04/2026
5416143,Roman,Hosted VIP,16/04/2026
5412245,Roman,Hosted VIP,16/04/2026
5076686,Roman,Hosted VIP,17/04/2026
5168600,Roman,Hosted VIP,17/04/2026
5258614,Roman,Hosted VIP,20/04/2026
5080177,Roman,Hosted VIP,20/04/2026
636089,Roman,Hosted VIP,20/04/2026
5135109,Roman,Hosted VIP,20/04/2026
5428624,Roman,Hosted VIP,21/04/2026
5089897,Roman,Hosted VIP,21/04/2026
5227608,Roman,Hosted VIP,21/04/2026
5153492,Roman,Hosted VIP,21/04/2026
5251497,Roman,Hosted VIP,21/04/2026
5063320,Roman,Hosted VIP,22/04/2026
5407477,Roman,Hosted VIP,22/04/2026
314706,Roman,Hosted VIP,23/04/2026
336195,Roman,Hosted VIP,23/04/2026
5405874,Roman,Hosted VIP,23/04/2026
620501,Roman,Hosted VIP,24/04/2026
5118875,Roman,Hosted VIP,24/04/2026
5311798,Roman,Hosted VIP,24/04/2026
630467,Roman,Hosted VIP,24/04/2026
5319686,Roman,Hosted VIP,27/04/2026
5428835,Roman,Hosted VIP,27/04/2026
5039433,Roman,Hosted VIP,27/04/2026
5084006,Roman,Hosted VIP,20/04/2026
5087649,Roman,Hosted VIP,21/04/2026
5248612,Roman,Hosted VIP,26/04/2026
5314207,Roman,Hosted VIP,26/04/2026
5083280,Roman,Hosted VIP,28/04/2026
5113767,Roman,Hosted VIP,28/04/2026
5306053,Roman,Hosted VIP,29/04/2026
5211310,Roman,Hosted VIP,30/04/2026
5151842,Roman,Hosted VIP,30/04/2026
5172519,Roman,Hosted VIP,04/05/2026
5453717,Roman,Hosted VIP,04/05/2026
396321,Roman,Hosted VIP,04/05/2026
5042074,Roman,Hosted VIP,04/05/2026
5245690,Roman,Hosted VIP,01/05/2026
519530,Roman,Hosted VIP,03/05/2026
578242,Roman,Hosted VIP,03/05/2026
5224120,Roman,Hosted VIP,03/05/2026
5245329,Roman,Hosted VIP,01/05/2026
375347,Roman,Hosted VIP,07/05/2026
5068292,Roman,Hosted VIP,08/05/2026
5217003,Roman,Hosted VIP,08/05/2026
5127947,Roman,Hosted VIP,08/05/2026
5086631,Roman,Hosted VIP,10/05/2026
5080631,Roman,Hosted VIP,12/05/2026
5048339,Roman,Hosted VIP,13/05/2026
5375773,Taine,Hosted VIP,13/05/2026
5200427,Julie,Hosted VIP,14/05/2026
589288,Roman,Hosted VIP,14/05/2026
5265505,Julie,Hosted VIP,14/05/2026
5139398,Andre,Hosted VIP,12/05/2026
5263343,Callum,Time-Out,12/12/2025
5345087,Julie,Time-Out,04/02/2026
521670,Andre,Time-Out,22/12/2025
5051651,Callum,Time-Out,04/02/2026
350579,Taine,Time-Out,31/03/2026
5217643,Callum,Time-Out,12/12/2025
5250034,Pearl,Time-Out,27/03/2026
5250641,Taine,Time-Out,26/03/2026
5406737,Callum,Time-Out,27/03/2026
5118588,Taine,Time-Out,03/09/2026
5133025,Roman,Time-Out,04/01/2026
5210763,Julie,Time-Out,19/03/2026
5051651,Callum,Time-Out,02/04/2026
5217643,Callum,Time-Out,12/12/2025
5406737,Callum,Time-Out,27/03/2026
5250885,Callum,Time-Out,01/01/2026
5186671,Callum,Time-Out,24/03/2026
5041636,Callum,Time-Out,18/07/2025
5419671,Callum,Time-Out,27/04/2026
5114084,Callum,Time-Out,27/04/2026
512582,Callum,Time-Out,27/04/2026
5023040,Callum,Time-Out,21/01/2026
5096297,Callum,Time-Out,21/04/2026
5083066,Callum,Time-Out,20/06/2025
330619,Callum,Time-Out,27/03/2026
5304343,Callum,Time-Out,27/04/2026
5345087,Julie,Time-Out,02/04/2026
5139975,Julie,Time-Out,06/04/2026
5422652,Taine,Time-Out,13/04/2026
5378989,Roman,Time-Out,14/04/2026
5193213,Roman,Time-Out,13/04/2026
5404068,Pearl,Time-Out,26/03/2026
5144084,Julie,Time-Out,19/03/2026
5424943,Roman,Time-Out,14/04/2026
5406603,Roman,Time-Out,09/04/2026
5306093,Andre,Time-Out,05/04/2026
5233817,Taine,Time-Out,10/04/2026
5205708,Taine,Time-Out,13/04/2026
5159327,Taine,Time-Out,24/11/2025
5098485,Taine,Time-Out,24/12/2025
605896,Roman,Time-Out,10/04/2026
282146,Andre,Time-Out,14/06/2025
5052696,Roman,Time-Out,09/04/2026
5201337,Andre,Time-Out,10/12/2025
5162429,Roman,Time-Out,01/04/2026
5255966,Roman,Time-Out,04/08/2026
5415408,Julie,Time-Out,20/04/2026
5257792,Julie,Time-Out,17/04/2026
5063323,Julie,Time-Out,14/04/2026
604252,Taine,Time-Out,13/04/2026
5314327,Taine,Time-Out,13/04/2026
5280651,Taine,Time-Out,01/02/2026
5145582,Andre,Time-Out,27/02/2026
73720,Andre,Time-Out,25/09/2025
5389043,Roman,Time-Out,05/04/2026
5090311,Pearl,Time-Out,10/04/2026
5170645,Taine,Time-Out,29/01/2026
5280368,Taine,Time-Out,16/04/2026
5219131,Julie,Time-Out,21/04/2026
5031471,Roman,Time-Out,22/04/2026
5348745,Roman,Time-Out,20/04/2026
5424595,Julie,Time-Out,13/04/2026
182087,Taine,Time-Out,09/03/2026
5287272,Pearl,Time-Out,06/01/2026
652182,Pearl,Time-Out,26/02/2025
5448747,Pearl,Time-Out,27/04/2026
5239398,Roman,Time-Out,27/04/2026
5444413,Roman,Time-Out,27/04/2026
5442895,Roman,Time-Out,27/04/2026
5444638,Andre,Time-Out,27/04/2026
5124715,Taine,Time-Out,27/04/2026
5420098,Taine,Time-Out,27/04/2026
5405604,Taine,Time-Out,27/04/2026
5115143,Roman,Time-Out,27/04/2026
5257938,Julie,Time-Out,27/04/2026
5111426,Julie,Time-Out,27/04/2026
5406111,Taine,Time-Out,27/04/2026
454705,Taine,Time-Out,27/04/2026
101586,Taine,Time-Out,27/04/2026
5308609,Taine,Time-Out,27/04/2026
5377345,Taine,Time-Out,27/04/2026
5358367,Taine,Time-Out,27/04/2026
5231851,Andre,Time-Out,27/04/2026
5276947,Pearl,Time-Out,27/04/2026
5251744,Pearl,Time-Out,27/04/2026
5224783,Andre,Time-Out,09/02/2026
5037248,Julie,Time-Out,28/04/2026
5446972,Pearl,Time-Out,28/04/2026
399918,Pearl,Time-Out,14/01/2026
5211023,Taine,Time-Out,12/01/2026
5137219,Pearl,Time-Out,28/04/2026
5135474,Pearl,Time-Out,11/09/2025
5147812,Callum,Time-Out,13/04/2026
5157502,Taine,Time-Out,30/04/2026
425158,Julie,Time-Out,30/04/2026
5081063,Taine,Time-Out,01/05/2026
5403673,Roman,Time-Out,04/05/2026
385726,Julie,Time-Out,04/05/2026
5183894,Julie,Time-Out,04/05/2026
5118883,Julie,Time-Out,18/03/2026
5204380,Julie,Time-Out,23/04/2026
5155243,Callum,Time-Out,06/05/2026
394314,Pearl,Time-Out,29/01/2026
5144639,Roman,Time-Out,01/05/2026
605941,Julie,Time-Out,06/05/2026
5455765,Callum,Time-Out,05/05/2026
558979,Pearl,Time-Out,01/01/2026
5278963,Pearl,Time-Out,28/01/2026
5302534,Roman,Time-Out,09/04/2026
5251868,Julie,Time-Out,06/05/2026
5258267,Pearl,Time-Out,23/03/2026
5080710,Callum,Time-Out,17/06/2025
636592,Taine,Time-Out,03/09/2026
5420350,Roman,Time-Out,08/05/2026
5059922,Callum,Time-Out,04/05/2026
5128271,Callum,Time-Out,10/05/2026
5423484,Taine,Time-Out,09/05/2026
5050279,Julie,Time-Out,23/04/2026
5207071,Julie,Time-Out,04/05/2026
374490,Pearl,Time-Out,01/01/2026
5063470,Andre,Time-Out,29/04/2025
5307996,Callum,Time-Out,23/03/2026
5033929,Callum,Time-Out,07/05/2026
5037248,Taine,Time-Out,06/05/2026
5050156,Roman,Time-Out,13/05/2026
614412,Julie,Time-Out,30/04/2026
5252937,Callum,Time-Out,27/03/2026
5444473,Julie,Time-Out,17/05/2026
5139009,Callum,Time-Out,17/05/2026
5046090,Pearl,Time-Out,15/05/2026
5075759,Callum,Time-Out,03/05/2026
5063470,Andre,Time-Out,13/05/2026
5125590,Callum,Time-Out,16/05/2026
331966,Pearl,Unhosted VIP,30/09/2024
550781,Pearl,Unhosted VIP,08/04/2025
423496,Pearl,Unhosted VIP,08/04/2025
420270,Pearl,Unhosted VIP,09/04/2025
545046,Pearl,Unhosted VIP,09/04/2025
382888,Pearl,Unhosted VIP,09/04/2025
404816,Pearl,Unhosted VIP,09/04/2025
647612,Pearl,Unhosted VIP,09/04/2025
67660,Andre,Unhosted VIP,06/03/2025
5030502,Wade,Unhosted VIP,03/10/2024
71481,Wade,Unhosted VIP,19/03/2025
5005160,Wade,Unhosted VIP,26/02/2025
5056870,Wade,Unhosted VIP,28/03/2025
5058162,Wade,Unhosted VIP,28/03/2025
5096297,Callum,Time-Out,18/06/2025
5118561,Andre,Unhosted VIP,07/02/2025
5133763,Callum,Unhosted VIP,28/07/2025
362892,Pearl,Unhosted VIP,01/08/2025
5034481,Callum,Unhosted VIP,08/01/2025
5039434,Wade,Unhosted VIP,28/03/2025
298346,Wade,Unhosted VIP,30/09/2024
223609,Wade,Unhosted VIP,30/09/2024
559925,Wade,Unhosted VIP,18/11/2024
299750,Wade,Unhosted VIP,26/02/2025
507753,Wade,Unhosted VIP,05/03/2025
168051,Wade,Unhosted VIP,19/03/2025
121744,Pearl,Unhosted VIP,17/09/2024
14192,Pearl,Unhosted VIP,30/09/2024
13838,Wade,Unhosted VIP,09/11/2024
521008,Wade,Unhosted VIP,09/11/2024
466999,Wade,Unhosted VIP,09/11/2024
35486,Wade,Unhosted VIP,09/11/2024
227335,Wade,Unhosted VIP,09/11/2024
257458,Wade,Unhosted VIP,09/11/2024
14725,Wade,Unhosted VIP,30/09/2024
225566,Wade,Unhosted VIP,30/09/2024
456707,Wade,Unhosted VIP,30/09/2024
14004,Wade,Unhosted VIP,10/10/2024
1587,Wade,Unhosted VIP,12/11/2024
143851,Wade,Unhosted VIP,14/02/2025
119617,Wade,Unhosted VIP,26/02/2025
373164,Wade,Unhosted VIP,31/03/2025
236409,Wade,Unhosted VIP,31/03/2025
412422,Pearl,Unhosted VIP,14/02/2025
5062198,Pearl,Unhosted VIP,04/04/2025
5063744,Pearl,Unhosted VIP,07/04/2025
5052767,Pearl,Unhosted VIP,09/04/2025
621694,Pearl,Unhosted VIP,09/04/2025
5039065,Pearl,Unhosted VIP,09/04/2025
119781,Pearl,Unhosted VIP,09/04/2025
211857,Pearl,Unhosted VIP,15/04/2025
412584,Pearl,Unhosted VIP,19/09/2024
40897,Pearl,Self Excluded,01/10/2024
491619,Pearl,Unhosted VIP,28/10/2024
491646,Pearl,Unhosted VIP,14/02/2025
387721,Pearl,Unhosted VIP,09/04/2025
5064671,Pearl,Unhosted VIP,11/04/2025
5044612,Andre,Unhosted VIP,29/04/2025
5000363,Pearl,Unhosted VIP,14/02/2025
351279,Pearl,Time-Out,09/04/2025
379646,Pearl,Unhosted VIP,15/04/2025
5049300,Pearl,Unhosted VIP,15/04/2025
415410,Andre,Unhosted VIP,29/04/2025
5044130,Andre,Self Excluded,29/04/2025
5029042,Pearl,Unhosted VIP,20/03/2025
389371,Andre,Unhosted VIP,29/04/2025
294811,Andre,Unhosted VIP,29/04/2025
225860,Andre,Unhosted VIP,29/04/2025
5050747,Andre,Unhosted VIP,29/04/2025
5022037,Andre,Unhosted VIP,05/02/2025
432701,Pearl,Unhosted VIP,15/04/2025
541304,Andre,Unhosted VIP,29/04/2025
499725,Pearl,Unhosted VIP,13/01/2025
35487,Pearl,Unhosted VIP,09/04/2025
397194,Pearl,Unhosted VIP,09/04/2025
507680,Pearl,Unhosted VIP,18/09/2024
5041254,Pearl,Unhosted VIP,10/03/2025
404786,Andre,Unhosted VIP,29/04/2025
5126569,Callum,Unhosted VIP,30/07/2025
5118328,Pearl,Unhosted VIP,03/07/2025
5082580,Pearl,Self Excluded,01/08/2025
5098050,Pearl,Unhosted VIP,06/08/2025
5034745,Andre,Unhosted VIP,29/04/2025
5048878,Pearl,Unhosted VIP,09/04/2025
38858,Andre,Unhosted VIP,29/04/2025
5083650,Andre,Unhosted VIP,08/05/2025
57116,Pearl,Unhosted VIP,28/03/2025
5037033,Andre,Unhosted VIP,12/05/2025
5077650,Andre,Unhosted VIP,13/05/2025
453886,Pearl,Unhosted VIP,28/02/2025
5095757,Andre,Unhosted VIP,22/05/2025
164329,Andre,Unhosted VIP,26/05/2025
5094226,Andre,Unhosted VIP,23/05/2025
5016634,Andre,Self Excluded,19/05/2025
5047782,Andre,Unhosted VIP,29/04/2025
355934,Pearl,Unhosted VIP,19/09/2024
425253,Pearl,Unhosted VIP,19/09/2024
431457,Pearl,Unhosted VIP,19/09/2024
418398,Pearl,Unhosted VIP,19/09/2024
14191,Pearl,Unhosted VIP,19/09/2024
519292,Pearl,Unhosted VIP,16/10/2024
491300,Pearl,Unhosted VIP,13/01/2025
238685,Pearl,Unhosted VIP,14/02/2025
477012,Pearl,Unhosted VIP,20/03/2025
274394,Pearl,Unhosted VIP,31/03/2025
225738,Pearl,Unhosted VIP,08/04/2025
304121,Pearl,Unhosted VIP,08/04/2025
185836,Pearl,Unhosted VIP,09/04/2025
158999,Pearl,Unhosted VIP,09/04/2025
544800,Pearl,Unhosted VIP,09/04/2025
351260,Pearl,Unhosted VIP,09/04/2025
5005236,Pearl,Unhosted VIP,09/04/2025
5054028,Pearl,Unhosted VIP,15/04/2025
410468,Andre,Unhosted VIP,29/04/2025
5036673,Andre,Unhosted VIP,29/04/2025
600127,Pearl,Unhosted VIP,14/02/2025
5100092,Andre,Unhosted VIP,29/05/2025
5032789,Pearl,Unhosted VIP,09/04/2025
488097,Andre,Unhosted VIP,28/05/2025
418694,Andre,Unhosted VIP,05/06/2025
5083889,Andre,Unhosted VIP,30/05/2025
613148,Andre,Time-Out,29/04/2025
5100171,Andre,Self Excluded,30/05/2025
198944,Pearl,Self Excluded,07/02/2025
583651,Pearl,Time-Out,28/03/2025
5030529,Andre,Unhosted VIP,29/04/2025
5102931,Callum,Unhosted VIP,09/06/2025
650298,Andre,Self Excluded,11/06/2025
336379,Andre,Unhosted VIP,29/04/2025
5050560,Andre,Unhosted VIP,29/04/2025
5067068,Andre,Unhosted VIP,12/05/2025
394672,Pearl,Unhosted VIP,26/02/2025
5018127,Pearl,Self Excluded,31/03/2025
500994,Pearl,Unhosted VIP,09/04/2025
5076120,Andre,Unhosted VIP,08/05/2025
479511,Pearl,Unhosted VIP,09/04/2025
184330,Pearl,Unhosted VIP,07/02/2025
578797,Pearl,Unhosted VIP,18/11/2024
37044,Pearl,Unhosted VIP,26/02/2025
5026578,Pearl,Unhosted VIP,20/03/2025
38225,Pearl,Unhosted VIP,20/04/2021
14461,Pearl,Unhosted VIP,09/04/2025
532892,Pearl,Unhosted VIP,09/04/2025
167445,Pearl,Unhosted VIP,09/04/2025
5060144,Pearl,Unhosted VIP,15/04/2025
298508,Pearl,Unhosted VIP,15/04/2025
5015097,Pearl,Unhosted VIP,26/02/2025
434780,Callum,Unhosted VIP,06/06/2025
5009037,Callum,Unhosted VIP,17/06/2025
5111274,Callum,Unhosted VIP,18/06/2025
5055981,Andre,Unhosted VIP,06/04/2025
5093004,Callum,Unhosted VIP,13/06/2025
5099478,Andre,Unhosted VIP,06/02/2025
5097150,Andre,Unhosted VIP,28/05/2025
5099810,Andre,Unhosted VIP,06/02/2025
223793,Andre,Unhosted VIP,29/04/2025
296960,Pearl,Unhosted VIP,09/04/2025
437925,Andre,Unhosted VIP,29/04/2025
654861,Andre,Unhosted VIP,29/04/2025
294896,Andre,Unhosted VIP,29/04/2025
437302,Andre,Unhosted VIP,29/04/2025
602929,Andre,Unhosted VIP,29/04/2025
5021479,Andre,Unhosted VIP,29/04/2025
5060708,Andre,Unhosted VIP,08/05/2025
5087022,Andre,Unhosted VIP,15/05/2025
5112260,Callum,Unhosted VIP,17/06/2025
5115827,Callum,Unhosted VIP,27/06/2025
14074,Pearl,Unhosted VIP,26/02/2025
36866,Pearl,Unhosted VIP,09/04/2025
637987,Callum,Unhosted VIP,06/05/2025
5099920,Callum,Unhosted VIP,09/06/2025
5035173,Pearl,Unhosted VIP,14/04/2025
5120597,Callum,Unhosted VIP,08/07/2025
342721,Pearl,Unhosted VIP,09/04/2025
255248,Pearl,Unhosted VIP,09/11/2024
343756,Pearl,Unhosted VIP,09/11/2024
432157,Pearl,Unhosted VIP,13/01/2025
501009,Pearl,Unhosted VIP,19/03/2025
181991,Pearl,Unhosted VIP,18/09/2024
340822,Pearl,Unhosted VIP,09/04/2025
422895,Pearl,Unhosted VIP,09/04/2025
36707,Pearl,Unhosted VIP,09/04/2025
5084895,Callum,Unhosted VIP,19/06/2025
5104484,Callum,Unhosted VIP,23/06/2025
5120292,Callum,Unhosted VIP,08/07/2025
5038664,Andre,Unhosted VIP,29/04/2025
534905,Andre,Unhosted VIP,29/04/2025
34849,Andre,Unhosted VIP,29/04/2025
5077353,Andre,Unhosted VIP,13/05/2025
5041679,Callum,Unhosted VIP,11/07/2025
5119406,Callum,Unhosted VIP,03/07/2025
5126104,Callum,Unhosted VIP,18/07/2025
5117276,Callum,Unhosted VIP,18/07/2025
5126879,Callum,Unhosted VIP,18/07/2025
5111739,Pearl,Unhosted VIP,21/07/2025
5056564,Andre,Unhosted VIP,29/04/2025
5069246,Andre,Unhosted VIP,29/04/2025
5079768,Andre,Unhosted VIP,20/05/2025
72606,Andre,Unhosted VIP,30/05/2025
611567,Callum,Unhosted VIP,15/07/2025
623056,Andre,Unhosted VIP,29/04/2025
5117246,Pearl,Unhosted VIP,24/07/2025
5124247,Callum,Unhosted VIP,14/07/2025
5116092,Callum,Unhosted VIP,27/06/2025
5125908,Callum,Unhosted VIP,18/07/2025
567324,Pearl,Unhosted VIP,18/11/2024
422185,Pearl,Unhosted VIP,18/11/2024
633086,Pearl,Unhosted VIP,31/03/2025
608357,Pearl,Unhosted VIP,09/04/2025
478988,Pearl,Unhosted VIP,09/04/2025
190675,Pearl,Unhosted VIP,09/04/2025
642766,Pearl,Unhosted VIP,15/04/2025
5038362,Pearl,Unhosted VIP,15/04/2025
517789,Andre,Unhosted VIP,29/04/2025
5077933,Andre,Unhosted VIP,30/05/2025
374512,Callum,Unhosted VIP,13/06/2025
90779,Callum,Unhosted VIP,17/06/2025
5076472,Callum,Unhosted VIP,20/06/2025
298653,Callum,Unhosted VIP,24/06/2025
5038227,Callum,Unhosted VIP,25/06/2025
5084603,Callum,Unhosted VIP,27/06/2025
457951,Callum,Unhosted VIP,27/06/2025
5115143,Callum,Time-Out,30/06/2025
5118124,Callum,Unhosted VIP,03/07/2025
5118331,Pearl,Self Excluded,22/07/2025
499511,Pearl,Unhosted VIP,01/07/2025
286880,Pearl,Unhosted VIP,19/09/2024
91966,Pearl,Unhosted VIP,31/03/2025
5099550,Andre,Self Excluded,28/07/2025
5072605,Andre,Self Excluded,29/05/2025
5076272,Callum,Unhosted VIP,22/07/2025
5128075,Callum,Unhosted VIP,25/07/2025
276880,Pearl,Unhosted VIP,01/07/2025
5128737,Andre,Unhosted VIP,31/07/2025
5153505,Andre,Time-Out,31/07/2025
5153233,Andre,Unhosted VIP,31/07/2025
5119152,Pearl,Unhosted VIP,31/07/2025
201911,Callum,Unhosted VIP,31/07/2025
5143678,Callum,Unhosted VIP,25/08/2025
5002036,Callum,Unhosted VIP,25/08/2025
408752,Pearl,Unhosted VIP,09/10/2024
36973,Pearl,Unhosted VIP,30/09/2024
299995,Pearl,Unhosted VIP,20/03/2025
15545,Pearl,Unhosted VIP,31/03/2025
5021937,Pearl,Unhosted VIP,09/04/2025
11340,Pearl,Unhosted VIP,15/04/2025
317388,Andre,Unhosted VIP,29/04/2025
5084526,Andre,Unhosted VIP,05/08/2025
5034735,Andre,Unhosted VIP,15/05/2025
5096528,Andre,Unhosted VIP,26/05/2025
371275,Callum,Unhosted VIP,19/06/2025
5052434,Callum,Unhosted VIP,24/06/2025
5086353,Callum,Unhosted VIP,01/07/2025
192465,Callum,Unhosted VIP,01/07/2025
5047029,Callum,Unhosted VIP,03/07/2025
268363,Callum,Unhosted VIP,07/07/2025
546169,Callum,Unhosted VIP,09/07/2025
5085485,Callum,Unhosted VIP,11/07/2025
5083287,Callum,Unhosted VIP,17/07/2025
5127658,Callum,Unhosted VIP,17/07/2025
5132232,Pearl,Unhosted VIP,28/07/2025
5135085,Pearl,Unhosted VIP,29/07/2025
5136199,Pearl,Self Excluded,30/07/2025
5102844,Pearl,Unhosted VIP,18/06/2025
36849,Pearl,Unhosted VIP,09/11/2024
462022,Pearl,Unhosted VIP,30/09/2024
439898,Pearl,Unhosted VIP,11/10/2024
289620,Pearl,Self Excluded,03/03/2025
35481,Pearl,Unhosted VIP,17/06/2025
645095,Andre,Unhosted VIP,29/04/2025
145210,Andre,Self Excluded,29/04/2025
354022,Andre,Unhosted VIP,29/04/2025
5035075,Andre,Unhosted VIP,29/04/2025
5102322,Andre,Unhosted VIP,06/02/2025
489522,Callum,Unhosted VIP,05/07/2025
5059629,Callum,Unhosted VIP,17/07/2025
493559,Callum,Unhosted VIP,28/07/2025
570303,Andre,Unhosted VIP,08/01/2025
587783,Pearl,Unhosted VIP,08/01/2025
5088708,Andre,Unhosted VIP,08/01/2025
619333,Callum,Unhosted VIP,03/09/2025
401402,Pearl,Unhosted VIP,30/09/2024
487140,Pearl,Self Excluded,09/10/2024
77056,Pearl,Unhosted VIP,04/09/2025
487659,Pearl,Unhosted VIP,18/09/2024
364081,Pearl,Unhosted VIP,17/06/2025
350101,Pearl,Unhosted VIP,17/06/2025
433008,Pearl,Unhosted VIP,13/01/2025
371802,Pearl,Unhosted VIP,09/04/2025
409764,Pearl,Unhosted VIP,09/04/2025
533537,Pearl,Unhosted VIP,09/04/2025
209181,Andre,Unhosted VIP,29/04/2025
20783,Andre,Unhosted VIP,29/04/2025
542614,Andre,Unhosted VIP,29/04/2025
5075289,Andre,Unhosted VIP,12/05/2025
5080217,Andre,Unhosted VIP,27/05/2025
5042843,Callum,Unhosted VIP,17/06/2025
5081008,Callum,Unhosted VIP,17/06/2025
5113767,Callum,Unhosted VIP,10/07/2025
322708,Callum,Unhosted VIP,14/07/2025
5126740,Callum,Unhosted VIP,25/07/2025
5079524,Pearl,Unhosted VIP,25/07/2025
5086191,Callum,Unhosted VIP,31/07/2025
399138,Andre,Unhosted VIP,08/01/2025
5088551,Callum,Unhosted VIP,01/08/2025
5138084,Callum,Unhosted VIP,01/08/2025
77422,Pearl,Unhosted VIP,01/08/2025
339533,Pearl,Unhosted VIP,01/08/2025
5140531,Andre,Unhosted VIP,08/04/2025
5143282,Pearl,Unhosted VIP,07/08/2025
397185,Andre,Unhosted VIP,08/08/2025
314126,Pearl,Unhosted VIP,13/08/2025
5140801,Callum,Unhosted VIP,13/08/2025
5151557,Callum,Unhosted VIP,18/08/2025
5141918,Pearl,Unhosted VIP,18/08/2025
628304,Pearl,Unhosted VIP,26/02/2025
5108190,Callum,Unhosted VIP,18/09/2025
5026623,Andre,Self Excluded,22/09/2025
5186029,Pearl,Unhosted VIP,25/09/2025
318791,Taine,Unhosted VIP,20/08/2025
526399,Pearl,Unhosted VIP,18/09/2024
202208,Pearl,Unhosted VIP,17/06/2025
13617,Pearl,Unhosted VIP,17/06/2025
647543,Pearl,Unhosted VIP,09/04/2025
475723,Pearl,Unhosted VIP,09/04/2025
393357,Andre,Unhosted VIP,29/04/2025
487919,Andre,Unhosted VIP,29/04/2025
5037248,Andre,Time-Out,27/05/2025
5101649,Callum,Unhosted VIP,27/06/2025
434237,Callum,Unhosted VIP,07/07/2025
5092813,Callum,Unhosted VIP,07/08/2025
358546,Callum,Unhosted VIP,14/07/2025
5109245,Callum,Unhosted VIP,17/07/2025
5109084,Callum,Unhosted VIP,18/07/2025
5098093,Callum,Unhosted VIP,18/07/2025
5118779,Pearl,Unhosted VIP,21/07/2025
5109813,Callum,Unhosted VIP,21/07/2025
5077699,Callum,Unhosted VIP,28/07/2025
5120014,Pearl,Unhosted VIP,01/08/2025
493041,Andre,Unhosted VIP,08/01/2025
15527,Andre,Unhosted VIP,08/01/2025
5139833,Andre,Unhosted VIP,08/04/2025
5138923,Pearl,Unhosted VIP,11/08/2025
5146679,Andre,Unhosted VIP,11/08/2025
5049369,Andre,Unhosted VIP,11/08/2025
5150818,Callum,Unhosted VIP,18/08/2025
353957,Taine,Unhosted VIP,19/08/2025
5129553,Taine,Unhosted VIP,19/08/2025
213455,Taine,Unhosted VIP,19/08/2025
5128259,Taine,Unhosted VIP,19/08/2025
5075338,Taine,Unhosted VIP,19/08/2025
5122226,Taine,Unhosted VIP,20/08/2025
5157343,Taine,Unhosted VIP,22/08/2025
5159611,Callum,Unhosted VIP,25/08/2025
5105583,Taine,Unhosted VIP,25/08/2025
5151054,Taine,Unhosted VIP,25/08/2025
497754,Taine,Unhosted VIP,26/08/2025
5033929,Andre,Time-Out,29/08/2025
5146832,Taine,Unhosted VIP,01/09/2025
5041234,Taine,Unhosted VIP,01/09/2025
5143950,Taine,Unhosted VIP,01/09/2025
5135338,Taine,Unhosted VIP,03/09/2025
373642,Taine,Unhosted VIP,03/09/2025
5170470,Callum,Unhosted VIP,17/09/2025
5060866,Callum,Unhosted VIP,26/06/2025
322848,Pearl,Unhosted VIP,18/09/2024
37197,Pearl,Unhosted VIP,09/11/2024
290935,Pearl,Unhosted VIP,14/02/2025
14881,Pearl,Unhosted VIP,13/01/2025
314706,Andre,Unhosted VIP,29/04/2025
360209,Callum,Unhosted VIP,27/06/2025
5121721,Callum,Unhosted VIP,07/07/2025
5126166,Andre,Unhosted VIP,18/08/2025
5161018,Taine,Unhosted VIP,28/08/2025
5080668,Taine,Unhosted VIP,02/09/2025
5140968,Taine,Unhosted VIP,04/09/2025
5152127,Taine,Unhosted VIP,05/09/2025
5147840,Taine,Unhosted VIP,09/09/2025
5118918,Pearl,Unhosted VIP,11/09/2025
5172277,Taine,Unhosted VIP,12/09/2025
5042930,Andre,Unhosted VIP,12/10/2025
327501,Callum,Unhosted VIP,16/09/2025
5038278,Callum,Unhosted VIP,28/07/2025
5080367,Callum,Unhosted VIP,17/06/2025
424371,Pearl,Unhosted VIP,13/09/2024
202651,Pearl,Unhosted VIP,09/11/2024
238700,Pearl,Unhosted VIP,30/09/2024
305039,Pearl,Unhosted VIP,14/02/2025
486229,Pearl,Unhosted VIP,17/06/2025
5025175,Pearl,Time-Out,17/06/2025
5039978,Pearl,Self Excluded,09/04/2025
332611,Pearl,Unhosted VIP,09/04/2025
330619,Andre,Time-Out,29/04/2025
5080705,Andre,Unhosted VIP,26/05/2025
5103157,Callum,Unhosted VIP,06/05/2025
5107658,Callum,Unhosted VIP,13/06/2025
30953,Callum,Unhosted VIP,13/06/2025
5111652,Callum,Unhosted VIP,19/06/2025
5097414,Callum,Unhosted VIP,23/06/2025
5120444,Callum,Unhosted VIP,04/07/2025
358249,Callum,Unhosted VIP,07/08/2025
374679,Callum,Unhosted VIP,07/08/2025
5124468,Callum,Unhosted VIP,15/07/2025
5126457,Callum,Unhosted VIP,16/07/2025
5113506,Callum,Unhosted VIP,17/07/2025
5132245,Callum,Unhosted VIP,28/07/2025
5084788,Pearl,Unhosted VIP,28/07/2025
424788,Pearl,Unhosted VIP,28/07/2025
5086631,Pearl,Unhosted VIP,28/07/2025
5130767,Pearl,Unhosted VIP,28/07/2025
5027312,Callum,Unhosted VIP,30/07/2025
5105287,Callum,Unhosted VIP,31/07/2025
5114300,Callum,Unhosted VIP,31/07/2025
353780,Pearl,Unhosted VIP,31/07/2025
5113163,Callum,Unhosted VIP,01/08/2025
254655,Andre,Unhosted VIP,08/01/2025
5112758,Andre,Unhosted VIP,08/01/2025
5081063,Andre,Time-Out,08/01/2025
5109643,Andre,Unhosted VIP,08/01/2025
5141429,Andre,Unhosted VIP,08/05/2025
5059340,Andre,Unhosted VIP,08/06/2025
5133481,Andre,Unhosted VIP,08/07/2025
311652,Pearl,Unhosted VIP,08/08/2025
5144413,Callum,Unhosted VIP,11/08/2025
14023,Pearl,Unhosted VIP,11/08/2025
5148817,Andre,Unhosted VIP,12/08/2025
185780,Callum,Unhosted VIP,18/08/2025
5086108,Andre,Unhosted VIP,18/08/2025
5146189,Andre,Unhosted VIP,18/08/2025
285905,Taine,Unhosted VIP,19/08/2025
527968,Taine,Unhosted VIP,19/08/2025
5150286,Taine,Unhosted VIP,20/08/2025
5146015,Taine,Unhosted VIP,20/08/2025
5119024,Taine,Unhosted VIP,20/08/2025
5132427,Callum,Unhosted VIP,25/08/2025
5142809,Callum,Unhosted VIP,26/08/2025
5132698,Taine,Unhosted VIP,26/08/2025
5075290,Taine,Unhosted VIP,28/08/2025
5162746,Taine,Unhosted VIP,28/08/2025
5080677,Andre,Unhosted VIP,28/08/2025
499860,Taine,Unhosted VIP,01/09/2025
5151718,Taine,Unhosted VIP,01/09/2025
5151317,Taine,Unhosted VIP,01/09/2025
168255,Pearl,Unhosted VIP,01/09/2025
5156510,Callum,Unhosted VIP,02/09/2025
5046422,Taine,Unhosted VIP,02/09/2025
5046865,Pearl,Unhosted VIP,02/09/2025
5149185,Taine,Unhosted VIP,03/09/2025
5160294,Taine,Unhosted VIP,03/09/2025
5162470,Taine,Unhosted VIP,03/09/2025
459051,Taine,Unhosted VIP,03/09/2025
422893,Taine,Unhosted VIP,05/09/2025
5071113,Taine,Unhosted VIP,05/09/2025
5084539,Taine,Unhosted VIP,05/09/2025
635377,Taine,Unhosted VIP,05/09/2025
391572,Taine,Unhosted VIP,05/09/2025
5147812,Callum,Time-Out,09/08/2025
5114191,Taine,Unhosted VIP,11/09/2025
5153431,Taine,Unhosted VIP,12/09/2025
5125190,Taine,Self Excluded,12/09/2025
5170797,Taine,Unhosted VIP,15/09/2025
5144874,Taine,Unhosted VIP,15/09/2025
5156693,Pearl,Unhosted VIP,16/09/2025
5179693,Pearl,Unhosted VIP,18/09/2025
571588,Callum,Unhosted VIP,19/09/2025
5022330,Callum,Unhosted VIP,19/09/2025
304837,Callum,Unhosted VIP,19/09/2025
5181523,Andre,Unhosted VIP,20/09/2025
5181388,Andre,Unhosted VIP,20/09/2025
5169215,Taine,Unhosted VIP,22/09/2025
5119323,Pearl,Unhosted VIP,22/09/2025
5183568,Pearl,Unhosted VIP,22/09/2025
5054902,Taine,Unhosted VIP,23/09/2025
5130779,Callum,Unhosted VIP,25/09/2025
558994,Callum,Unhosted VIP,25/09/2025
5159157,Callum,Unhosted VIP,25/09/2025
5031113,Andre,Unhosted VIP,26/09/2025
5103371,Pearl,Unhosted VIP,26/09/2025
398490,Callum,Time-Out,28/09/2025
5046947,Pearl,Unhosted VIP,01/10/2025
5103807,Pearl,Unhosted VIP,01/10/2025
5001371,Callum,Unhosted VIP,23/06/2025
5000470,Andre,Time-Out,12/05/2025
5103302,Pearl,Time-Out,30/07/2025
5216338,Taine,Unhosted VIP,31/10/2025
5208138,Taine,Unhosted VIP,21/10/2025
477382,Taine,Unhosted VIP,08/10/2025
361907,Callum,Unhosted VIP,13/06/2025
5122733,Callum,Time-Out,11/07/2025
5053844,Callum,Unhosted VIP,01/09/2025
5081563,Callum,Unhosted VIP,08/09/2025
5174951,Callum,Unhosted VIP,15/09/2025
312913,Callum,Unhosted VIP,16/10/2025
5202911,Callum,Unhosted VIP,18/10/2025
5192227,Callum,Unhosted VIP,30/10/2025
5106342,Taine,Unhosted VIP,17/09/2025
398310,Taine,Unhosted VIP,28/09/2025
5178123,Taine,Unhosted VIP,26/09/2025
5140890,Taine,Unhosted VIP,02/10/2025
5180567,Taine,Unhosted VIP,02/10/2025
5198161,Taine,Unhosted VIP,16/10/2025
207979,Andre,Unhosted VIP,29/04/2025
5113040,Andre,Unhosted VIP,16/09/2025
5079038,Andre,Unhosted VIP,25/09/2025
5082216,Andre,Unhosted VIP,23/09/2025
192743,Andre,Unhosted VIP,06/10/2025
56749,Andre,Unhosted VIP,02/10/2025
296205,Andre,Unhosted VIP,06/10/2025
5193565,Andre,Unhosted VIP,12/10/2025
200105,Callum,Unhosted VIP,17/07/2025
209391,Callum,Unhosted VIP,25/07/2025
5069198,Callum,Unhosted VIP,06/06/2025
5081351,Callum,Unhosted VIP,04/07/2025
5048394,Callum,Time-Out,06/08/2025
484712,Pearl,Unhosted VIP,13/09/2024
174824,Pearl,Unhosted VIP,26/02/2025
5180425,Pearl,Time-Out,16/10/2025
613963,Pearl,Unhosted VIP,01/12/2024
5163272,Pearl,Unhosted VIP,01/10/2025
5096411,Pearl,Unhosted VIP,13/10/2025
5110782,Pearl,Unhosted VIP,31/07/2025
F,Pearl,Unhosted VIP,11/09/2024
423588,Pearl,Unhosted VIP,22/07/2025
5055880,Pearl,Unhosted VIP,17/10/2025
443546,Pearl,Unhosted VIP,30/09/2024
116570,Pearl,Unhosted VIP,18/11/2024
651441,Pearl,Unhosted VIP,09/04/2025
5089887,Pearl,Unhosted VIP,20/10/2025
5084829,Pearl,Unhosted VIP,29/09/2025
5174246,Taine,Unhosted VIP,27/10/2025
104794,Pearl,Unhosted VIP,26/02/2025
5102417,Taine,Unhosted VIP,05/09/2025
5126907,Taine,Unhosted VIP,01/10/2025
5204347,Taine,Unhosted VIP,17/10/2025
5105714,Taine,Unhosted VIP,21/10/2025
547144,Andre,Unhosted VIP,04/08/2025
5156859,Andre,Unhosted VIP,08/10/2025
5031263,Andre,Unhosted VIP,29/04/2025
8045,Taine,Unhosted VIP,22/09/2025
5206035,Pearl,Unhosted VIP,20/10/2025
5084165,Taine,Unhosted VIP,13/10/2025
5154598,Taine,Unhosted VIP,10/11/2025
373083,Pearl,Unhosted VIP,09/10/2024
5110222,Pearl,Unhosted VIP,27/11/2025
14579,Pearl,Unhosted VIP,11/09/2024
443602,Pearl,Unhosted VIP,01/12/2025
533961,Pearl,Unhosted VIP,14/02/2025
247920,Pearl,Unhosted VIP,09/04/2025
36092,Pearl,Unhosted VIP,09/04/2025
5110800,Pearl,Unhosted VIP,24/07/2025
362504,Pearl,Unhosted VIP,07/10/2024
5118205,Pearl,Unhosted VIP,13/08/2025
5135547,Pearl,Unhosted VIP,03/09/2025
555970,Pearl,Unhosted VIP,20/10/2025
5179140,Pearl,Unhosted VIP,06/11/2025
5103678,Pearl,Unhosted VIP,04/11/2025
5130181,Pearl,Unhosted VIP,19/11/2025
398938,Pearl,Unhosted VIP,24/11/2025
233018,Pearl,Unhosted VIP,28/10/2024
5247641,Pearl,Unhosted VIP,01/12/2025
546399,Pearl,Unhosted VIP,01/12/2025
5113585,Pearl,Unhosted VIP,01/12/2025
375355,Andre,Unhosted VIP,29/04/2025
111943,Andre,Unhosted VIP,26/05/2025
5003657,Andre,Unhosted VIP,01/08/2025
5210952,Andre,Unhosted VIP,10/11/2025
16160,Andre,Unhosted VIP,06/08/2025
439912,Andre,Unhosted VIP,07/08/2025
5130735,Andre,Unhosted VIP,25/09/2025
5176918,Andre,Unhosted VIP,23/09/2025
5179212,Andre,Unhosted VIP,25/09/2025
5197882,Andre,Unhosted VIP,09/10/2025
249134,Andre,Unhosted VIP,12/10/2025
474452,Andre,Unhosted VIP,28/10/2025
5209847,Andre,Unhosted VIP,03/11/2025
5133655,Andre,Unhosted VIP,10/11/2025
5168272,Andre,Unhosted VIP,11/11/2025
5043352,Andre,Unhosted VIP,13/11/2025
5214298,Andre,Unhosted VIP,17/11/2025
5036115,Andre,Unhosted VIP,17/11/2025
5214506,Andre,Unhosted VIP,21/11/2025
5100591,Callum,Unhosted VIP,25/08/2025
5210334,Callum,Unhosted VIP,03/11/2025
5226634,Callum,Unhosted VIP,12/11/2025
5087690,Callum,Unhosted VIP,14/11/2025
5219497,Callum,Unhosted VIP,14/11/2025
5110489,Callum,Unhosted VIP,24/11/2025
5168527,Callum,Unhosted VIP,25/11/2025
5231496,Callum,Unhosted VIP,14/11/2025
546982,Callum,Unhosted VIP,26/08/2025
635737,Callum,Unhosted VIP,31/07/2025
247158,Callum,Unhosted VIP,01/08/2025
5088718,Callum,Unhosted VIP,11/06/2025
5029998,Callum,Unhosted VIP,01/10/2025
5190783,Callum,Unhosted VIP,05/11/2025
5078793,Callum,Time-Out,04/11/2025
5168414,Callum,Unhosted VIP,18/11/2025
5058169,Callum,Unhosted VIP,19/11/2025
5108072,Taine,Unhosted VIP,01/09/2025
5135358,Taine,Unhosted VIP,19/08/2025
5078120,Taine,Unhosted VIP,19/08/2025
5152091,Taine,Unhosted VIP,08/09/2025
5031397,Taine,Unhosted VIP,08/09/2025
5031315,Taine,Unhosted VIP,08/09/2025
5132622,Taine,Unhosted VIP,01/09/2025
5076779,Taine,Unhosted VIP,01/10/2025
5190900,Taine,Unhosted VIP,08/10/2025
5049397,Taine,Unhosted VIP,16/10/2025
5203661,Taine,Unhosted VIP,16/10/2025
46726,Taine,Unhosted VIP,02/10/2025
425772,Taine,Unhosted VIP,04/09/2025
5039406,Taine,Unhosted VIP,23/10/2025
5211923,Taine,Unhosted VIP,27/10/2025
5211206,Taine,Unhosted VIP,28/10/2025
5076463,Taine,Unhosted VIP,07/11/2025
5161881,Taine,Unhosted VIP,01/12/2025
379224,Pearl,Unhosted VIP,22/12/2025
5046422,Andre,Unhosted VIP,02/09/2025
387823,Andre,Unhosted VIP,09/12/2025
5240541,Andre,Unhosted VIP,17/12/2025
622095,Andre,Time-Out,24/12/2025
5237422,Pearl,Self Excluded,24/11/2025
5221557,Pearl,Unhosted VIP,01/12/2025
5004045,Callum,Unhosted VIP,12/10/2025
5290549,Andre,Time-Out,05/01/2026
5002550,Pearl,Unhosted VIP,12/12/2025
5261462,Taine,Unhosted VIP,15/12/2025
5049308,Pearl,Unhosted VIP,09/04/2025
474737,Pearl,Unhosted VIP,19/09/2025
5262787,Andre,Unhosted VIP,15/12/2025
620501,Callum,Unhosted VIP,02/12/2025
5051801,Pearl,Unhosted VIP,01/01/2026
374360,Andre,Unhosted VIP,12/01/2026
5286535,Andre,Self Excluded,15/01/2026
5302537,Andre,Time-Out,15/01/2026
440227,Callum,Unhosted VIP,11/12/2025
5307103,Andre,Unhosted VIP,15/01/2026
5247045,Andre,Time-Out,15/12/2025
5127007,Callum,Unhosted VIP,05/12/2025
5085495,Callum,Unhosted VIP,04/11/2025
5204281,Andre,Self Excluded,03/12/2025
543073,Pearl,Unhosted VIP,24/11/2025
5114084,Callum,Self Excluded,31/10/2025
5316250,Andre,Unhosted VIP,26/01/2026
5113081,Taine,Unhosted VIP,20/01/2026
5310870,Callum,Unhosted VIP,25/01/2026
5136322,Pearl,Unhosted VIP,23/01/2026
5274504,Pearl,Unhosted VIP,12/01/2026
5050279,Andre,Time-Out,14/01/2026
5114178,Andre,Unhosted VIP,12/01/2026
5125556,Taine,Unhosted VIP,03/09/2025
5136404,Pearl,Unhosted VIP,13/10/2025
5138270,Taine,Unhosted VIP,17/12/2025
5197636,Callum,Unhosted VIP,17/10/2025
5208224,Taine,Time-Out,27/10/2025
5213820,Pearl,Unhosted VIP,05/01/2026
5286328,Callum,Unhosted VIP,02/01/2026
75211,Andre,Self Excluded,14/01/2026
183806,Taine,Self Excluded,21/01/2026
5125190,Taine,Self Excluded,12/09/2025
5262274,Callum,Time-Out,12/01/2026
5304368,Callum,Unhosted VIP,22/01/2026
5157166,Taine,Unhosted VIP,25/08/2025
5117478,Taine,Unhosted VIP,01/09/2025
5081117,Taine,Unhosted VIP,03/09/2025
300330,Taine,Unhosted VIP,05/09/2025
5170870,Taine,Unhosted VIP,15/09/2025
5193472,Taine,Unhosted VIP,10/10/2025
5196332,Taine,Unhosted VIP,13/10/2025
5203467,Taine,Unhosted VIP,16/10/2025
5209337,Taine,Unhosted VIP,27/10/2025
5154390,Taine,Unhosted VIP,04/11/2025
5151760,Taine,Unhosted VIP,04/12/2025
5160294,Taine,Unhosted VIP,03/09/2025
5093012,Taine,Unhosted VIP,11/12/2025
5271248,Taine,Unhosted VIP,18/12/2025
5266492,Taine,Unhosted VIP,18/12/2025
5135338,Taine,Unhosted VIP,03/09/2025
5109902,Taine,Unhosted VIP,01/01/2026
5153492,Taine,Unhosted VIP,01/01/2026
5157332,Callum,Unhosted VIP,01/01/2026
5151658,Callum,Unhosted VIP,01/01/2026
5236687,Callum,Unhosted VIP,17/12/2025
623336,Callum,Unhosted VIP,30/07/2025
5134155,Callum,Unhosted VIP,04/08/2025
5131585,Callum,Time-Out,01/08/2025
5105408,Callum,Unhosted VIP,14/07/2025
5120190,Callum,Unhosted VIP,05/07/2025
5045225,Callum,Unhosted VIP,02/07/2025
5082103,Callum,Unhosted VIP,26/06/2025
5101420,Callum,Unhosted VIP,27/06/2025
466114,Callum,Unhosted VIP,23/09/2025
5250077,Callum,Unhosted VIP,01/12/2025
276910,Callum,Unhosted VIP,27/11/2025
5111639,Callum,Unhosted VIP,14/07/2025
5042094,Callum,Unhosted VIP,09/06/2025
5077403,Callum,Unhosted VIP,18/12/2025
5212785,Callum,Unhosted VIP,01/12/2025
5019095,Callum,Unhosted VIP,01/07/2025
5285202,Callum,Unhosted VIP,30/12/2025
5059624,Callum,Unhosted VIP,28/08/2025
60640,Callum,Unhosted VIP,18/09/2025
5193431,Callum,Unhosted VIP,10/10/2025
5161509,Callum,Unhosted VIP,05/09/2025
5221368,Callum,Unhosted VIP,14/11/2025
5054273,Callum,Unhosted VIP,01/12/2025
427266,Callum,Unhosted VIP,01/12/2025
5196283,Callum,Unhosted VIP,09/12/2025
5083517,Callum,Unhosted VIP,09/12/2025
5262422,Callum,Unhosted VIP,15/12/2025
5189983,Callum,Unhosted VIP,22/12/2025
452399,Andre,Time-Out,01/08/2025
5135991,Andre,Unhosted VIP,01/10/2025
5117685,Andre,Unhosted VIP,06/11/2025
5146348,Andre,Unhosted VIP,10/11/2025
5261414,Andre,Unhosted VIP,10/12/2025
5101384,Andre,Unhosted VIP,15/12/2025
5247958,Andre,Unhosted VIP,18/12/2025
5193565,Andre,Unhosted VIP,12/10/2025
416927,Pearl,Unhosted VIP,07/02/2025
5138120,Pearl,Unhosted VIP,04/08/2025
362376,Pearl,Unhosted VIP,11/08/2025
5113790,Pearl,Unhosted VIP,29/09/2025
5108565,Pearl,Unhosted VIP,18/09/2025
5151842,Pearl,Unhosted VIP,18/09/2025
5135109,Pearl,Unhosted VIP,31/07/2025
5228814,Pearl,Unhosted VIP,12/11/2025
5222877,Pearl,Unhosted VIP,17/11/2025
5122698,Pearl,Unhosted VIP,19/11/2025
5155131,Pearl,Unhosted VIP,02/12/2025
312847,Pearl,Unhosted VIP,06/12/2025
5258150,Pearl,Unhosted VIP,11/12/2025
5264100,Pearl,Unhosted VIP,17/12/2025
5198840,Pearl,Unhosted VIP,16/12/2025
5250066,Pearl,Unhosted VIP,30/12/2025
5142965,Pearl,Unhosted VIP,14/01/2026
5149452,Taine,Unhosted VIP,27/01/2026
5289141,Callum,Unhosted VIP,20/01/2026
5183496,Pearl,Unhosted VIP,28/11/2025
5306943,Callum,Unhosted VIP,24/01/2026
5316167,Taine,Unhosted VIP,27/01/2026
606845,Callum,Unhosted VIP,10/07/2025
5079407,Andre,Unhosted VIP,28/05/2025
466785,Andre,Unhosted VIP,18/12/2025
5193812,Andre,Unhosted VIP,14/01/2026
5031460,Pearl,Unhosted VIP,02/01/2026
5146189,Pearl,Unhosted VIP,18/08/2025
5295159,Pearl,Unhosted VIP,12/01/2026
444167,Andre,Unhosted VIP,17/10/2025
5076677,Pearl,Unhosted VIP,20/10/2025
325410,Pearl,Unhosted VIP,11/09/2024
5190791,Pearl,Unhosted VIP,30/10/2025
5199698,Pearl,Unhosted VIP,03/11/2025
5118875,Pearl,Unhosted VIP,06/11/2025
5190628,Pearl,Unhosted VIP,13/11/2025
470049,Pearl,Unhosted VIP,01/12/2025
5086238,Pearl,Unhosted VIP,04/12/2025
5258649,Pearl,Unhosted VIP,15/12/2025
5137371,Pearl,Unhosted VIP,17/12/2025
5096723,Pearl,Time-Out,24/12/2025
5274786,Pearl,Unhosted VIP,01/01/2026
5304284,Pearl,Unhosted VIP,26/01/2026
5241344,Pearl,Unhosted VIP,24/01/2026
5031361,Pearl,Unhosted VIP,20/01/2026
5054231,Pearl,Unhosted VIP,15/12/2025
359581,Pearl,Unhosted VIP,11/12/2025
274394,Pearl,Unhosted VIP,31/03/2025
5157271,Pearl,Unhosted VIP,17/12/2025
5333409,Pearl,Unhosted VIP,16/02/2026
5017101,Pearl,Unhosted VIP,15/08/2025
5286358,Pearl,Unhosted VIP,02/01/2026
226400,Andre,Unhosted VIP,29/04/2025
5151721,Andre,Unhosted VIP,27/10/2025
5096981,Andre,Unhosted VIP,10/11/2025
5190756,Andre,Unhosted VIP,08/01/2026
282594,Andre,Unhosted VIP,29/04/2025
5083864,Andre,Unhosted VIP,24/11/2025
490236,Andre,Unhosted VIP,27/11/2025
5255118,Andre,Unhosted VIP,15/12/2025
5082011,Andre,Unhosted VIP,15/12/2025
5211480,Andre,Unhosted VIP,22/12/2025
5096818,Andre,Unhosted VIP,01/01/2026
499725,Andre,Unhosted VIP,13/01/2025
111943,Andre,Unhosted VIP,26/05/2025
5162746,Andre,Unhosted VIP,28/08/2025
5043750,Andre,Unhosted VIP,22/01/2026
5268014,Andre,Unhosted VIP,19/01/2026
5065194,Callum,Unhosted VIP,25/11/2025
5161006,Callum,Unhosted VIP,28/08/2025
5085463,Callum,Unhosted VIP,01/07/2025
5193042,Callum,Unhosted VIP,04/11/2025
5075279,Callum,Unhosted VIP,24/11/2025
5208330,Callum,Unhosted VIP,09/12/2025
14635,Callum,Unhosted VIP,01/01/2026
535680,Callum,Unhosted VIP,02/01/2026
5052434,Callum,Unhosted VIP,24/06/2025
5111334,Callum,Unhosted VIP,07/01/2026
5214298,Callum,Unhosted VIP,17/11/2025
5186186,Callum,Unhosted VIP,24/01/2026
564902,Callum,Unhosted VIP,02/02/2026
5219226,Callum,Unhosted VIP,22/12/2025
5053937,Callum,Unhosted VIP,01/01/2026
651441,Callum,Unhosted VIP,09/04/2025
349622,Callum,Unhosted VIP,10/01/2026
5306053,Callum,Unhosted VIP,30/01/2026
5279709,Callum,Unhosted VIP,30/01/2026
5317601,Taine,Unhosted VIP,28/01/2026
618898,Callum,Unhosted VIP,04/02/2026
532632,Callum,Unhosted VIP,27/01/2026
5110436,Taine,Unhosted VIP,03/12/2025
501292,Callum,Unhosted VIP,25/01/2026
299995,Callum,Unhosted VIP,20/03/2025
5081382,Taine,Time-Out,05/09/2025
5118143,Pearl,Unhosted VIP,25/07/2025
5166109,Callum,Unhosted VIP,07/11/2025
619344,Andre,Self Excluded,09/02/2026
5118814,Callum,Unhosted VIP,09/02/2026
5042533,Callum,Unhosted VIP,29/01/2026
5191696,Taine,Time-Out,02/01/2026
5269046,Taine,Unhosted VIP,16/12/2025
5107503,Taine,Time-Out,19/08/2025
561160,Taine,Unhosted VIP,01/01/2026
425636,Andre,Unhosted VIP,17/11/2025
5134753,Callum,Unhosted VIP,15/12/2025
516582,Pearl,Unhosted VIP,02/10/2025
5311171,Pearl,Unhosted VIP,24/01/2026
5321871,Taine,Unhosted VIP,09/02/2026
5328750,Taine,Time-Out,09/02/2026
5328874,Callum,Unhosted VIP,06/02/2026
258093,Callum,Unhosted VIP,19/11/2025
5343360,Andre,Unhosted VIP,16/02/2026
5318521,Pearl,Unhosted VIP,02/02/2026
231712,Pearl,Unhosted VIP,25/01/2026
5135588,Andre,Unhosted VIP,27/11/2025
5306965,Callum,Unhosted VIP,17/01/2026
5346840,Pearl,Unhosted VIP,20/02/2026
5031937,Callum,Unhosted VIP,20/01/2026
5112921,Callum,Unhosted VIP,18/02/2026
5160409,Pearl,Unhosted VIP,19/02/2026
5316744,Callum,Unhosted VIP,26/01/2026
5218121,Taine,Self Excluded,10/02/2026
5229392,Taine,Self Excluded,02/01/2026
5090311,Pearl,Unhosted VIP,19/02/2026
5327325,Andre,Self Excluded,21/02/2026
5332964,Andre,Unhosted VIP,09/02/2026
5108789,Taine,Unhosted VIP,10/02/2026
5152289,Taine,Unhosted VIP,01/01/2026
5039978,Taine,Self Excluded,09/04/2025
5195644,Pearl,Unhosted VIP,09/02/2026
360481,Taine,Unhosted VIP,04/12/2025
5162470,Taine,Unhosted VIP,03/09/2025
5052876,Taine,Unhosted VIP,06/12/2025
570897,Taine,Unhosted VIP,29/08/2025
5039433,Taine,Unhosted VIP,05/09/2025
471826,Taine,Unhosted VIP,05/09/2025
5151550,Taine,Unhosted VIP,15/09/2025
42389,Taine,Unhosted VIP,12/09/2025
5117988,Taine,Unhosted VIP,02/10/2025
5158224,Taine,Unhosted VIP,10/10/2025
498181,Taine,Unhosted VIP,13/10/2025
5088284,Taine,Unhosted VIP,28/10/2025
5141991,Taine,Unhosted VIP,10/11/2025
5200812,Taine,Unhosted VIP,13/11/2025
391323,Taine,Unhosted VIP,13/11/2025
5135391,Taine,Unhosted VIP,25/11/2025
5181254,Taine,Unhosted VIP,14/11/2025
5104717,Taine,Unhosted VIP,03/12/2025
381231,Taine,Unhosted VIP,10/12/2025
577909,Taine,Unhosted VIP,15/12/2025
23793,Taine,Unhosted VIP,17/12/2025
5142707,Taine,Unhosted VIP,17/12/2025
5233133,Taine,Unhosted VIP,17/12/2025
5117460,Taine,Time-Out,17/12/2025
5285547,Taine,Unhosted VIP,30/12/2025
5075405,Taine,Unhosted VIP,01/01/2026
5222576,Taine,Unhosted VIP,05/01/2026
5131105,Taine,Unhosted VIP,08/01/2026
5306764,Taine,Unhosted VIP,17/01/2026
5305404,Taine,Unhosted VIP,26/01/2026
5286031,Taine,Unhosted VIP,15/01/2026
422216,Pearl,Unhosted VIP,11/09/2024
5125635,Pearl,Self Excluded,17/11/2025
5260516,Pearl,Unhosted VIP,03/02/2026
355416,Pearl,Unhosted VIP,01/01/2026
5182239,Pearl,Unhosted VIP,16/01/2026
5139149,Pearl,Time-Out,07/08/2025
5320543,Pearl,Unhosted VIP,25/02/2026
5355623,Pearl,Unhosted VIP,05/03/2026
5337970,Pearl,Unhosted VIP,26/03/2026
5319141,Andre,Unhosted VIP,16/02/2026
277339,Andre,Time-Out,01/10/2025
5207107,Andre,Time-Out,18/02/2026
5090148,Andre,Self Excluded,22/05/2025
5059169,Andre,Time-Out,15/12/2025
5069723,Andre,Unhosted VIP,26/09/2025
5231851,Andre,Unhosted VIP,14/03/2026
5103694,Andre,Time-Out,27/11/2025
5080844,Andre,Time-Out,24/12/2025
455731,Andre,Time-Out,05/01/2026
5018891,Andre,Self Excluded,23/03/2026
5399806,Andre,Time-Out,23/03/2026
5039002,Andre,Time-Out,09/05/2025
5246205,Callum,Unhosted VIP,25/11/2025
5252937,Callum,Time-Out,01/12/2025
5100591,Callum,Unhosted VIP,25/08/2025
342754,Callum,Time-Out,01/12/2025
5285202,Callum,Time-Out,30/12/2025
612695,Callum,Unhosted VIP,22/09/2025
5352548,Callum,Unhosted VIP,04/03/2026
5302861,Callum,Time-Out,04/03/2026
5159379,Callum,Time-Out,24/12/2025
5104859,Callum,Time-Out,25/09/2025
5219226,Callum,Unhosted VIP,22/12/2025
5146246,Callum,Time-Out,12/08/2025
5369241,Callum,Time-Out,01/03/2026
5391285,Callum,Time-Out,17/03/2026
5307291,Callum,Time-Out,23/03/2026
5305773,Callum,Time-Out,16/03/2026
5400895,Callum,Time-Out,27/03/2026
5400640,Callum,Time-Out,27/03/2026
5272923,Callum,Time-Out,26/03/2026
5123654,Callum,Unhosted VIP,31/03/2026
5238975,Callum,Time-Out,25/11/2025
5276547,Callum,Time-Out,27/03/2026
72606,Taine,Unhosted VIP,30/05/2025
5039978,Taine,Self Excluded,09/04/2025
5324637,Taine,Unhosted VIP,05/03/2026
5364273,Taine,Unhosted VIP,05/03/2026
5252867,Taine,Time-Out,19/01/2026
5374683,Taine,Time-Out,13/03/2026
5281055,Taine,Time-Out,02/01/2026
5160021,Taine,Time-Out,25/01/2026
5282429,Taine,Time-Out,08/01/2026
261216,Taine,Time-Out,17/12/2025
55293,Taine,Time-Out,20/03/2026
5285764,Taine,Time-Out,09/03/2026
5162059,Taine,Time-Out,01/09/2025
5307469,Taine,Time-Out,16/03/2026
49689,Julie,Self Excluded,12/03/2026
551681,Julie,Time-Out,12/03/2026
5383121,Julie,Time-Out,12/03/2026
5389784,Julie,Self Excluded,18/03/2026
564045,Julie,Time-Out,27/03/2026
5339806,Julie,Time-Out,19/03/2026
5188725,Julie,Time-Out,26/03/2026
5388610,Julie,Self Excluded,19/03/2026
154435,Pearl,Unhosted VIP,11/09/2024
5166297,Pearl,Unhosted VIP,01/10/2025
5133420,Pearl,Unhosted VIP,01/01/2026
5306052,Pearl,Unhosted VIP,24/01/2026
5272160,Pearl,Unhosted VIP,22/12/2025
590278,Pearl,Unhosted VIP,26/02/2025
5134865,Pearl,Unhosted VIP,20/10/2025
5191613,Andre,Unhosted VIP,02/10/2025
5172195,Andre,Unhosted VIP,12/01/2026
5299271,Andre,Unhosted VIP,15/01/2026
5063323,Andre,Time-Out,09/02/2026
5252537,Andre,Unhosted VIP,15/01/2026
5339567,Andre,Unhosted VIP,16/02/2026
5118382,Callum,Unhosted VIP,06/12/2025
5141757,Callum,Unhosted VIP,01/01/2026
302842,Callum,Unhosted VIP,02/01/2026
5257881,Callum,Unhosted VIP,12/01/2026
5118791,Callum,Time-Out,24/12/2025
441380,Callum,Unhosted VIP,06/10/2025
5052442,Callum,Unhosted VIP,01/02/2026
5123318,Callum,Unhosted VIP,11/09/2025
443247,Callum,Unhosted VIP,18/07/2025
371252,Callum,Unhosted VIP,10/02/2026
506972,Callum,Unhosted VIP,11/02/2026
5240054,Callum,Unhosted VIP,18/02/2026
5182227,Callum,Unhosted VIP,25/09/2025
5272061,Callum,Unhosted VIP,01/01/2026
5111743,Callum,Unhosted VIP,30/06/2025
5076202,Callum,Unhosted VIP,03/11/2025
5117607,Callum,Unhosted VIP,16/01/2026
5313377,Callum,Unhosted VIP,22/01/2026
264888,Callum,Unhosted VIP,28/01/2026
5305953,Callum,Unhosted VIP,01/02/2026
5083973,Taine,Unhosted VIP,02/09/2025
5042409,Taine,Unhosted VIP,09/11/2025
5153391,Taine,Unhosted VIP,26/08/2025
5081767,Taine,Unhosted VIP,01/09/2025
5032179,Taine,Time-Out,25/08/2025
5162513,Taine,Unhosted VIP,05/09/2025
5147211,Taine,Unhosted VIP,05/09/2025
5081711,Taine,Unhosted VIP,05/09/2025
448792,Taine,Unhosted VIP,02/10/2025
5173120,Taine,Unhosted VIP,22/10/2025
5220804,Taine,Unhosted VIP,07/11/2025
5280368,Taine,Time-Out,01/01/2026
5048588,Taine,Unhosted VIP,18/12/2025
534094,Taine,Time-Out,26/01/2026
302546,Taine,Unhosted VIP,26/01/2026
5187934,Taine,Unhosted VIP,25/01/2026
5171635,Taine,Unhosted VIP,19/02/2026
5218696,Taine,Unhosted VIP,02/02/2026
5353369,Taine,Unhosted VIP,25/02/2026
5347155,Taine,Unhosted VIP,20/03/2026
5398438,Julie,Unhosted VIP,26/03/2026
5398390,Callum,Unhosted VIP,26/03/2026
5386650,Callum,Unhosted VIP,27/03/2026
5057535,Julie,Unhosted VIP,23/03/2026
5405066,Pearl,Unhosted VIP,27/03/2026
5403977,Julie,Unhosted VIP,27/03/2026
5404064,Roman,Unhosted VIP,01/04/2026
5407446,Roman,Unhosted VIP,01/04/2026
5407338,Taine,Unhosted VIP,30/03/2026
5406938,Callum,Unhosted VIP,30/03/2026
5398473,Pearl,Unhosted VIP,30/03/2026
5099950,Julie,Unhosted VIP,25/03/2026
648091,Julie,Unhosted VIP,25/03/2026
5404661,Roman,Unhosted VIP,01/04/2026
5109834,Pearl,Unhosted VIP,27/03/2026
5123905,Taine,Unhosted VIP,23/03/2026
5125590,Callum,Self Excluded,21/07/2025
5060737,Pearl,Unhosted VIP,16/04/2025
5112921,Callum,Self Excluded,24/06/2025
5058595,Pearl,Unhosted VIP,09/04/2025
5080164,Callum,Self Excluded,27/06/2025
5118794,Callum,Self Excluded,02/07/2025
5118814,Callum,Self Excluded,02/07/2025
5022121,Pearl,Self Excluded,15/04/2025
5123654,Callum,Self Excluded,11/07/2025
5128636,Pearl,Self Excluded,21/07/2025
537544,Pearl,Self Excluded,11/09/2024
5126115,Pearl,Unhosted VIP,29/07/2025
38672,Andre,Self Excluded,22/07/2025
355489,Pearl,Unhosted VIP,11/09/2024
5123070,Andre,Self Excluded,01/08/2025
5136142,Pearl,Unhosted VIP,01/08/2025
631269,Callum,Self Excluded,22/07/2025
5134327,Pearl,Unhosted VIP,31/07/2025
5127856,Pearl,Unhosted VIP,05/08/2025
375268,Pearl,Unhosted VIP,09/04/2025
5137602,Pearl,Unhosted VIP,01/08/2025
562773,Andre,Self Excluded,29/04/2025
5134035,Pearl,Unhosted VIP,28/07/2025
5078485,Andre,Self Excluded,04/06/2025
5120134,Callum,Self Excluded,24/07/2025
5143864,Callum,Self Excluded,01/08/2025
5109094,Callum,Self Excluded,28/07/2025
5054303,Pearl,Unhosted VIP,15/04/2025
5053168,Callum,Self Excluded,21/07/2025
5148406,Andre,Self Excluded,11/08/2025
5148409,Andre,Self Excluded,11/08/2025
5080256,Callum,Self Excluded,02/07/2025
5119885,Callum,Self Excluded,04/07/2025
527262,Andre,Self Excluded,29/04/2025
606294,Pearl,Unhosted VIP,25/07/2025
5132688,Callum,Self Excluded,25/07/2025
5072536,Andre,Self Excluded,02/05/2025
5090016,Callum,Self Excluded,02/07/2025
5139937,Andre,Self Excluded,04/08/2025
5108484,Andre,Self Excluded,07/08/2025
5086722,Callum,Self Excluded,16/07/2025
5051420,Taine,Self Excluded,19/08/2025
5079387,Pearl,Unhosted VIP,30/07/2025
5143506,Taine,Self Excluded,25/08/2025
5056072,Pearl,Unhosted VIP,09/04/2025
5038324,Andre,Self Excluded,11/08/2025
5156126,Taine,Self Excluded,25/08/2025
5140291,Pearl,Unhosted VIP,05/08/2025
5119469,Andre,Self Excluded,01/08/2025
5162064,Taine,Self Excluded,28/08/2025
5029025,Taine,Self Excluded,26/08/2025
5150688,Pearl,Unhosted VIP,18/08/2025
517434,Pearl,Unhosted VIP,30/07/2025
5105981,Callum,Self Excluded,15/08/2025
511434,Callum,Self Excluded,25/06/2025
5132242,Pearl,Unhosted VIP,28/07/2025
5089569,Callum,Self Excluded,25/08/2025
14577,Taine,Self Excluded,28/08/2025
5162708,Taine,Self Excluded,29/08/2025
5110832,Callum,Self Excluded,26/08/2025
5023168,Taine,Self Excluded,22/08/2025
5052862,Andre,Self Excluded,18/08/2025
372544,Pearl,Unhosted VIP,08/04/2025
5023659,Taine,Self Excluded,08/09/2025
5115832,Taine,Self Excluded,20/08/2025
5063313,Andre,Self Excluded,01/08/2025
5115420,Andre,Self Excluded,06/08/2025
392372,Taine,Self Excluded,05/09/2025
5037132,Callum,Self Excluded,20/06/2025
5034408,Callum,Self Excluded,24/06/2025
485234,Callum,Self Excluded,01/08/2025
5155297,Taine,Self Excluded,08/09/2025
5128271,Callum,Self Excluded,04/08/2025
5041713,Andre,Self Excluded,18/08/2025
5119091,Andre,Self Excluded,06/08/2025
259548,Callum,Self Excluded,06/06/2025
5131242,Andre,Self Excluded,11/08/2025
608618,Taine,Self Excluded,05/09/2025
5080244,Pearl,Unhosted VIP,31/07/2025
5049326,Pearl,Unhosted VIP,21/07/2025
5032098,Andre,Self Excluded,29/05/2025
5142072,Taine,Self Excluded,01/09/2025
5169429,Taine,Self Excluded,12/09/2025
5092877,Callum,Self Excluded,28/07/2025
5103892,Andre,Self Excluded,01/08/2025
5175444,Andre,Self Excluded,15/09/2025
614118,Pearl,Self Excluded,11/09/2025
220672,Andre,Self Excluded,26/05/2025
5103694,Andre,Self Excluded,26/05/2025
5133906,Pearl,Unhosted VIP,04/08/2025
434993,Callum,Self Excluded,19/06/2025
5162249,Pearl,Unhosted VIP,01/09/2025
608694,Taine,Self Excluded,21/08/2025
5125797,Callum,Self Excluded,21/07/2025
5045859,Callum,Self Excluded,01/08/2025
5104232,Taine,Self Excluded,05/09/2025
5144639,Taine,Self Excluded,03/09/2025
5159309,Taine,Self Excluded,25/08/2025
617257,Andre,Self Excluded,16/09/2025
5154724,Taine,Self Excluded,19/08/2025
5165927,Taine,Self Excluded,17/09/2025
5083082,Andre,Self Excluded,01/08/2025
5180023,Andre,Self Excluded,22/09/2025
374702,Pearl,Unhosted VIP,29/04/2025
5173925,Taine,Self Excluded,15/09/2025
5142599,Taine,Self Excluded,19/08/2025
5080267,Andre,Self Excluded,02/06/2025
5135861,Andre,Self Excluded,11/08/2025
5171573,Callum,Self Excluded,17/09/2025
5106256,Callum,Self Excluded,23/06/2025
5168565,Taine,Self Excluded,05/09/2025
5079229,Callum,Self Excluded,30/07/2025
5149477,Andre,Self Excluded,18/08/2025
5127007,Callum,Self Excluded,18/07/2025
5000078,Andre,Self Excluded,25/09/2025
5161452,Taine,Self Excluded,01/09/2025
5158191,Taine,Self Excluded,28/08/2025
464421,Taine,Self Excluded,04/09/2025
5146266,Callum,Self Excluded,25/08/2025
449964,Callum,Self Excluded,17/09/2025
5180308,Andre,Self Excluded,26/09/2025
5188018,Taine,Self Excluded,02/10/2025
87153,Taine,Self Excluded,01/10/2025
5183402,Andre,Self Excluded,24/09/2025
5127200,Andre,Self Excluded,07/08/2025
248750,Pearl,Unhosted VIP,09/04/2025
5170737,Taine,Self Excluded,11/09/2025
613154,Callum,Self Excluded,08/09/2025
5183556,Andre,Self Excluded,07/10/2025
425639,Taine,Self Excluded,29/09/2025
5063797,Andre,Self Excluded,04/09/2025
5129585,Taine,Self Excluded,19/08/2025
465587,Pearl,Unhosted VIP,08/04/2025
405080,Pearl,Unhosted VIP,23/09/2025
5052428,Callum,Self Excluded,09/10/2025
5111334,Callum,Self Excluded,17/06/2025
5124083,Callum,Self Excluded,14/07/2025
5193213,Andre,Self Excluded,06/10/2025
561482,Callum,Self Excluded,25/06/2025
615562,Taine,Self Excluded,09/10/2025
503314,Andre,Self Excluded,06/08/2025
5152337,Callum,Self Excluded,01/10/2025
5190877,Callum,Self Excluded,16/10/2025
5195096,Pearl,Self Excluded,13/10/2025
5197179,Taine,Self Excluded,16/10/2025
5188087,Pearl,Unhosted VIP,01/10/2025
5174137,Taine,Self Excluded,01/10/2025
5134123,Taine,Self Excluded,01/09/2025
5108789,Callum,Self Excluded,08/09/2025
5012034,Andre,Self Excluded,26/09/2025
5130690,Pearl,Self Excluded,20/10/2025
5133550,Pearl,Unhosted VIP,30/07/2025
5083517,Callum,Self Excluded,08/09/2025
5159882,Andre,Self Excluded,20/09/2025
5135698,Andre,Self Excluded,04/08/2025
217666,Taine,Self Excluded,21/08/2025
5053325,Callum,Self Excluded,26/06/2025
5131579,Callum,Self Excluded,16/09/2025
5171391,Callum,Self Excluded,01/10/2025
5177306,Andre,Self Excluded,20/09/2025
5194493,Andre,Self Excluded,06/10/2025
5204380,Taine,Self Excluded,20/10/2025
5084479,Andre,Self Excluded,27/10/2025
5202716,Pearl,Unhosted VIP,20/10/2025
5088462,Pearl,Unhosted VIP,16/09/2025
5183262,Andre,Self Excluded,26/09/2025
5139901,Andre,Self Excluded,04/08/2025
5122571,Callum,Self Excluded,22/10/2025
5119353,Callum,Self Excluded,09/07/2025
5134360,Taine,Self Excluded,17/10/2025
5155685,Taine,Self Excluded,21/10/2025
5207198,Taine,Self Excluded,27/10/2025
5193481,Pearl,Self Excluded,03/11/2025
5193941,Callum,Self Excluded,06/10/2025
5218789,Pearl,Self Excluded,03/11/2025
5114178,Andre,Self Excluded,27/06/2025
5069381,Callum,Self Excluded,06/06/2025
5166290,Taine,Self Excluded,06/11/2025
385718,Andre,Self Excluded,08/10/2025
5045692,Taine,Self Excluded,27/10/2025
5108493,Callum,Self Excluded,23/06/2025
5129533,Pearl,Unhosted VIP,01/08/2025
5100278,Pearl,Unhosted VIP,01/08/2025
5186216,Taine,Self Excluded,02/10/2025
5120718,Pearl,Self Excluded,20/10/2025
598034,Andre,Self Excluded,01/10/2025
5081697,Taine,Self Excluded,23/10/2025
5114064,Callum,Self Excluded,15/07/2025
5193027,Callum,Self Excluded,03/11/2025
5129186,Pearl,Unhosted VIP,07/11/2025
5051651,Callum,Self Excluded,22/09/2025
434024,Pearl,Unhosted VIP,03/09/2025
5079495,Callum,Self Excluded,12/11/2025
5119522,Taine,Self Excluded,08/10/2025
5196688,Andre,Self Excluded,05/11/2025
5142285,Callum,Self Excluded,06/11/2025
620501,Callum,Self Excluded,10/11/2025
5096818,Andre,Self Excluded,11/08/2025
603416,Andre,Self Excluded,10/11/2025
5158686,Callum,Self Excluded,25/08/2025
5214820,Callum,Self Excluded,03/11/2025
313441,Andre,Self Excluded,10/11/2025
5212200,Andre,Self Excluded,27/10/2025
5183262,Andre,Unhosted VIP,26/09/2025
5134360,Taine,Self Excluded,17/10/2025
5122571,Callum,Self Excluded,22/10/2025
5139901,Andre,Self Excluded,04/08/2025
5119353,Callum,Self Excluded,09/07/2025
5043750,Andre,Self Excluded,15/09/2025
5155685,Taine,Self Excluded,21/10/2025
5207198,Taine,Self Excluded,27/10/2025
5193941,Callum,Self Excluded,06/10/2025
5166290,Taine,Self Excluded,06/11/2025
5186216,Taine,Self Excluded,02/10/2025
5045692,Taine,Self Excluded,27/10/2025
385718,Andre,Self Excluded,08/10/2025
598034,Andre,Self Excluded,01/10/2025
5069381,Callum,Self Excluded,06/06/2025
5114178,Andre,Self Excluded,27/06/2025
5081697,Taine,Self Excluded,23/10/2025
5114064,Callum,Self Excluded,15/07/2025
5193027,Callum,Self Excluded,03/11/2025
5051651,Callum,Self Excluded,22/09/2025
608694,Taine,Self Excluded,21/08/2025
5079495,Callum,Self Excluded,12/11/2025
5119522,Taine,Self Excluded,08/10/2025
5196688,Andre,Self Excluded,05/11/2025
5142285,Callum,Self Excluded,06/11/2025
620501,Callum,Self Excluded,10/11/2025
5096818,Andre,Self Excluded,11/08/2025
603416,Andre,Self Excluded,10/11/2025
5158686,Callum,Self Excluded,25/08/2025
5214820,Callum,Self Excluded,03/11/2025
313441,Andre,Self Excluded,10/11/2025
5212200,Andre,Self Excluded,27/10/2025
614412,Pearl,Unhosted VIP,18/11/2025
5188867,Andre,Self Excluded,17/11/2025
5015230,Andre,Self Excluded,10/11/2025
5206254,Pearl,Unhosted VIP,22/10/2025
5233817,Taine,Self Excluded,19/11/2025
5222473,Taine,Self Excluded,11/11/2025
5155243,Taine,Self Excluded,26/08/2025
5067399,Andre,Self Excluded,29/04/2025
5064954,Taine,Self Excluded,15/09/2025
413176,Pearl,Unhosted VIP,11/11/2025
5231041,Pearl,Unhosted VIP,18/11/2025
604336,Taine,Self Excluded,24/11/2025
5124715,Andre,Self Excluded,18/11/2025
5137827,Taine,Self Excluded,12/09/2025
345311,Pearl,Unhosted VIP,11/09/2024
5247045,Andre,Self Excluded,25/11/2025
5250034,Andre,Self Excluded,29/11/2025
5251901,Andre,Self Excluded,01/12/2025
5237236,Taine,Self Excluded,19/11/2025
5247045,Andre,Self Excluded,25/11/2025
5192706,Andre,Self Excluded,21/11/2025
5069710,Andre,Self Excluded,10/11/2025
5222111,Andre,Self Excluded,06/11/2025
5053168,Andre,Self Excluded,21/07/2025
5290549,Andre,Self Excluded,05/01/2026
611571,Callum,Self Excluded,27/03/2026
5246026,Pearl,Unhosted VIP,25/11/2025
5244479,Callum,Self Excluded,24/11/2025
5243620,Taine,Self Excluded,24/11/2025
5234138,Callum,Self Excluded,25/11/2025
5232023,Taine,Self Excluded,25/11/2025
5229895,Callum,Self Excluded,14/11/2025
5223787,Callum,Self Excluded,07/11/2025
5204098,Callum,Self Excluded,17/10/2025
5175286,Callum,Self Excluded,28/09/2025
5154226,Taine,Self Excluded,04/11/2025
5137219,Taine,Self Excluded,02/10/2025
5083851,Callum,Self Excluded,24/11/2025
5038306,Callum,Self Excluded,26/09/2025
5059922,Callum,Self Excluded,08/09/2025
5141050,Taine,Self Excluded,05/09/2025
5224485,Callum,Self Excluded,11/11/2025
225397,Taine,Self Excluded,19/08/2025
411767,Pearl,Unhosted VIP,11/09/2024
5241268,Andre,Self Excluded,27/11/2025
5051371,Callum,Self Excluded,27/11/2025
5150688,Pearl,Unhosted VIP,18/08/2025
5257798,Andre,Self Excluded,07/12/2025
5181723,Taine,Self Excluded,04/12/2025
5128846,Taine,Self Excluded,01/09/2025
5105322,Callum,Self Excluded,29/10/2025
5083535,Pearl,Unhosted VIP,11/11/2025
540657,Andre,Self Excluded,18/11/2025
5149420,Andre,Self Excluded,15/08/2025
5121194,Pearl,Unhosted VIP,25/11/2025
5114084,Callum,Self Excluded,31/10/2025
5145653,Pearl,Self Excluded,20/10/2025
55809,Callum,Self Excluded,03/11/2025
5250774,Callum,Self Excluded,01/12/2025
5206347,Andre,Self Excluded,17/11/2025
5143884,Callum,Self Excluded,06/11/2025
597515,Pearl,Self Excluded,30/07/2025
5018616,Andre,Self Excluded,05/12/2025
5195479,Taine,Self Excluded,16/10/2025
5171642,Taine,Self Excluded,02/10/2025
5121368,Callum,Self Excluded,08/08/2025
5144167,Pearl,Unhosted VIP,17/09/2025
5033881,Andre,Self Excluded,17/12/2025
5139009,Callum,Self Excluded,03/11/2025
624575,Andre,Self Excluded,21/11/2025
5250641,Pearl,Unhosted VIP,17/12/2025
5214474,Pearl,Unhosted VIP,07/12/2025
5080967,Taine,Self Excluded,16/10/2025
25300,Taine,Self Excluded,02/10/2025
5255966,Andre,Self Excluded,15/12/2025
589178,Andre,Self Excluded,29/04/2025
5172536,Taine,Self Excluded,27/10/2025
5111818,Taine,Self Excluded,11/12/2025
5275828,Pearl,Unhosted VIP,23/12/2025
5171377,Taine,Self Excluded,28/11/2025
517120,Pearl,Unhosted VIP,18/12/2025
110264,Pearl,Unhosted VIP,26/09/2025
5141939,Taine,Self Excluded,16/10/2025
5038485,Pearl,Self Excluded,24/12/2025
5240064,Callum,Self Excluded,23/12/2025
5262787,Andre,Self Excluded,15/12/2025
5111642,Andre,Self Excluded,06/12/2025
456463,Callum,Self Excluded,23/12/2025
5051651,Callum,Self Excluded,22/09/2025
5188041,Pearl,Unhosted VIP,29/09/2025
5267525,Andre,Self Excluded,19/12/2028
5267762,Callum,Self Excluded,18/12/2025
5042291,Pearl,Unhosted VIP,06/11/2025
17009,Taine,Self Excluded,02/09/2025
5102382,Taine,Self Excluded,08/09/2025
5237422,Pearl,Self Excluded,24/11/2025
5262521,Andre,Self Excluded,15/12/2025
5281114,Andre,Self Excluded,01/01/2026
552723,Callum,Self Excluded,07/11/2025
5041246,Taine,Self Excluded,05/09/2025
379224,Pearl,Unhosted VIP,22/12/2025
5257723,Andre,Self Excluded,15/12/2025
5076178,Pearl,Unhosted VIP,30/07/2025
5121721,Pearl,Unhosted VIP,01/01/2026
5049308,Pearl,Unhosted VIP,01/10/2025
5078151,Taine,Self Excluded,08/01/2026
5252537,Andre,Unhosted VIP,15/01/2026
5400570,Julie,Unhosted VIP,27/03/2026
5403977,Julie,Self Excluded,05/04/2026
5345087,Julie,Time-Out,02/04/2026
5374154,Julie,Unhosted VIP,21/04/2026
5415408,Julie,Time-Out,05/04/2026
5257792,Julie,Time-Out,17/04/2026
5424595,Julie,Time-Out,13/04/2026
5210763,Julie,Time-Out,19/03/2026
5262656,Callum,Self Excluded,21/01/2026
5366232,Pearl,Unhosted VIP,04/03/2026
5409437,Julie,Self Excluded,09/04/2026
5410069,Andre,Self Excluded,05/04/2026
5279074,Andre,Self Excluded,12/01/2026
5466841,Taine,Self Excluded,09/05/2026
5162429,Roman,Self Excluded,01/04/2026
5081117,Roman,Hosted VIP,11/05/2026
5148817,Callum,Hosted VIP,15/05/2026
5371286,Roman,Hosted VIP,15/05/2026
5183317,Andre,Hosted VIP,11/05/2026
5126134,Callum,Hosted VIP,12/05/2026
5316202,Taine,Hosted VIP,15/05/2026
5472803,Julie,Hosted VIP,15/05/2026
5019095,Callum,Hosted VIP,15/05/2026
5404068,Pearl,Hosted VIP,26/03/2026
5474310,Callum,Hosted VIP,16/05/2026
5318954,Julie,Hosted VIP,16/05/2026
5352911,Julie,Hosted VIP,16/05/2026
522086,Taine,Hosted VIP,16/05/2026
5256846,Roman,Hosted VIP,16/05/2026
5431578,Callum,Hosted VIP,17/05/2026
5175955,Pearl,Hosted VIP,17/05/2026
5285210,Taine,Hosted VIP,17/05/2026
5208229,Pearl,Hosted VIP,17/05/2026
5437641,Julie,Hosted VIP,17/05/2026
5128846,Taine,Hosted VIP,17/05/2026
5476717,Roman,Hosted VIP,18/05/2026
5130954,Pearl,Hosted VIP,18/05/2026
5084493,Taine,Hosted VIP,18/05/2026
5370080,Taine,Hosted VIP,18/05/2026
5474642,Pearl,Hosted VIP,18/05/2026
5452576,Julie,Hosted VIP,18/05/2026
458949,Andre,Hosted VIP,18/05/2026
5307996,Callum,Hosted VIP,16/05/2026
5139975,Julie,Hosted VIP,06/04/2026
5084721,Callum,Time-Out,18/05/2026
5124083,Callum,Time-out,18/05/2026
5080710,Callum,Time-out,18/05/2026
5145487,Callum,Hosted VIP,19/05/2026
552428,Callum,Hosted VIP,19/05/2026
5079407,Roman,Hosted VIP,19/05/2026
5304461,Roman,Hosted VIP,19/05/2026
5306055,Taine,Hosted VIP,19/05/2026
5231851,Andre,Hosted VIP,19/05/2026
5052001,Callum,Hosted VIP,19/05/2026
617257,Callum,Hosted VIP,19/05/2026
5138120,Pearl,Hosted VIP,19/05/2026
5345290,Taine,Hosted VIP,19/05/2026
5432114,Callum,Hosted VIP,19/05/2026
5046643,Taine,Hosted VIP,19/05/2026
5040102,Callum,Hosted VIP,19/05/2026
5458920,Taine,Hosted VIP,19/05/2026
5049027,Taine,Hosted VIP,19/05/2026
5135792,Taine,Hosted VIP,19/05/2026
